UpGene Nth Occ.	Ref. Seq. overlapped at ..(%)	Shift RNIE fct start vs Ref. fct start	Shift RNIE fct end vs Ref fct end	Strand	Start	End	Upstream Gene	TransTerm HP Prediction	Start	End	Strand	RNIE Mode	Bit Score	IT Seq	UpGene Name	UpGene Start	UpGene End	Dist. upSTOPcodon-ITfunctionalStart	DwGene Name	DwGene Start	DwGene End	Dist. ITfunctionalEnd-dwSTARTcodon	ID complementary couple	Compl. Dist. Class	Compl. Genomic Class	Info on the rev. compl.	Palindromic Percentage of Overlap	Free Energy	Dot-Bracket Secondary Structure
1	100	-2	11	+	5044	5073	thrC	Intrinsic	5042	5084	+	Genome	18.54	AGGCCGGGTTTGCTTTTATGCAGCCCGGCTTTTTTATGAAGAA	thrC	3734	5020	22	yaaX	5234	5530	150						-19.50	.(((((((((.((......))))))))))).............
1	100	-1	5	-	20760	20789	rpsT	Intrinsic	20755	20790	-	Genome	19.83	AAAAAGCCCGCGCAAGCGGGTTTTTTTATGCCTGCT	rpsT	20815	21078	25	insA	20233	20508	522						-15.40	(((((((((((....)))))))))))..........
1	100	-30	4	+	107526	107555	lpxC	Intrinsic	107496	107559	+	Gene	16.11	AAATTCGACTGGCAAATCTGGCACTCTCTCCGGCCAGGTGAACCAGTCGTTTTTTTTTGAATTT	lpxC	106557	107474	22	secM	107705	108217	146						-22.90	(((..(((((((...(((((((..........)))))))...)))))))..)))..........
1	100	-2	6	+	111003	111032	secA	Intrinsic	111001	111038	+	Genome	29.60	TAAAAGGCGCAGGATTCTGCGCCTTTTTTATAGGTTTA	secA	108279	110984	17	mutT	111044	111433	6						-17.40	.(((((((((((....)))))))))))...........
1	100	-13	1	+	134258	134287	acnB	Intrinsic	134245	134288	+	Genome	20.49	CAATGCCCGGTGAATGAGATTCCCGGGCATTTTTTTATTTCTAA	acnB	131615	134212	33	yacL	134388	134750	100						-17.90	.(((((((((.((((...))))))))))))).............
1	100	-9	4	+	176971	177000	erpA	Intrinsic	176962	177004	+	Gene	14.70	TTCATGTGCCGGATAAACTATCCGGCACATCTTCTCTCTTCAA	erpA	176610	176954	8	dgt	179237	180754	2233						-18.90	...((((((((((((...)))))))))))).............
1	100	-8	6	+	182322	182351	degP	Intrinsic	182314	182357	+	Gene	15.87	CTCAACCCCTTCCTGAAAACGGGAAGGGGTTCTCCTTACAATCT	degP	180884	182308	6	cdaR	182463	183620	106						-20.80	...((((((((((((....)))))))))))).............
1	100	-4	7	-	217019	217048	proS	Intrinsic	217012	217052	-	Genome	25.59	AGAAAGGGTCCTGAATTTCAGGGCCCTTTTTTTACATGGAT	proS	217057	218775	5	yaeF	216179	217003	833						-20.00	.(((((((((((((...)))))))))))))...........
1	100	-7	5	+	229018	229047	aspU	Intrinsic	229011	229052	+	Genome	21.27	AAGAAGCCTCGAGTTAACGCTCGAGGTTTTTTTTCGTCTGTA	aspU	228928	229004	7	dkgB	229167	229970	115						-18.10	((((((((((((((....))))))))))))))..........
1	100	-11	0	-	232543	232572	mltD	Intrinsic	232543	232583	-	Genome	26.85	AAAAAGGCACCGATTCCCCCGGTGCCTTTTTTATTTATGCC	mltD	232597	233955	14	yafC	229967	230881	2576	2	Most Distant	Convergence	Start=232553;End=232593;Strand=+;% Overlapping=75.6098;Bit Score=26.32	68.2927	-17.50	((((((((((((.......))))))))))))..........
1	100	-8	5	+	237041	237070	aspV	Intrinsic	237033	237075	+	Genome	17.85	GAGAGCCGCAAGATTTTTAATTTTGCGGTTTTTTTGTATTTGA	aspV	236931	237007	26	yafT	237335	238120	260						-16.00	(((((((((((((((...)))))))))))))))..........
1	100	0	8	-	240826	240855	fadE	Factor Dependent	240818	240855	-	Genome	21.99	AATAACGGAGCCGAAAGGCTCCGTTTCTTTATCCGCTA	fadE	240859	243303	4	yafV	239419	240189	1399	3	Least Distant	Convergence	Start=240828;End=240865;Strand=+;% Overlapping=73.6842;Bit Score=15.56	55.2632	-16.70	...(((((((((....))))))))).............
1	100	-2	6	+	240830	240859	ivy	Factor Dependent	240828	240865	+	Genome	15.56	AGAAACGGAGCCTTTCGGCTCCGTTATTCATTTACGCG	ivy	240343	240816	12	gmhA	243543	244121	2678	3	Most Distant	Convergence	Start=240818;End=240855;Strand=-;% Overlapping=73.6842;Bit Score=21.99	55.2632	-16.30	...(((((((((....))))))))).............
1	100	-9	0	+	302852	302881	yagU	Intrinsic	302843	302881	+	Genome	16.67	AAAAATGGCGCAAATACAGCGCCATTTTTATAGGTTAAA	yagU	302215	302829	14	ykgL	311336	311563	8455						-15.00	(((((((((((.......)))))))))))..........
2	100	-13	6	-	394303	394332	ampH	Factor Dependent	394297	394345	-	Gene	16.60	CTGAAGGCAAACGGTTGATAGCGACCAGTTTGCCTTTATTCATTTCGAT	ampH	394354	395511	9	insE1	391826	392125	2471						-20.90	.((((((((((((((((....))))).)))))))))))...........
1	100	-8	23	+	434790	434819	nusB	Intrinsic	434782	434842	+	Gene	14.57	ATCCAGGCCGGTAGATTCACGGAAGACCGTTCCATGATCGCCGGCCTTTTCTTTTTTACCT	nusB	434361	434780	2	thiL	434858	435835	16						-23.00	....((((((((.(((.((.((((.....)))).)))))))))))))..............
1	100	-6	3	+	457959	457988	clpX	Intrinsic	457953	457991	+	Genome	15.59	AAAAAGGGGGGATTTTATCTCCCCTTTAATTTTTCCTCT	clpX	456650	457924	29	lon	458112	460466	121						-15.50	..(((((((((((...)))))))))))............
1	100	-12	6	+	460507	460536	lon	Intrinsic	460495	460542	+	Gene	20.90	ACAGGGCTGGCAGGCTAATTCGGGCTTGCCAGCCTTTTTTTGTCTCGC	lon	458112	460466	29	hupB	460675	460947	133						-25.90	..((((((((((((((......))))))))))))))............
2	100	-9	2	-	786008	786037	gpmA	Intrinsic	786006	786046	-	Genome	26.49	AGAAAGCCGACTGCAAGTGAGTCGGCTTTTTTGTTGCTAAC	gpmA	786066	786818	20	ybgS	784160	784540	1846						-16.70	.(((((((((((.......)))))))))))...........
1	100	-11	2	-	884123	884152	ybjH	Intrinsic	884121	884163	-	Genome	19.81	GAATGCCTGATCGCACAAAGCAGTCAGGCATTTTTTTACCCTT	ybjH	884169	884453	6	ybjG	882015	882611	2106						-17.60	(((((((((((.((.....)).)))))))))))..........
1	100	-11	3	+	924798	924827	clpA	Intrinsic	924787	924830	+	Gene	19.09	AAGTCCGTAATCTCGAAAGAGGTTACGGACTTTTTGTTTATGGG	clpA	922487	924763	24	lrp	931818	932312	6988						-21.40	((((((((((((((....))))))))))))))............
1	100	-8	7	-	930245	930274	trxB	Intrinsic	930238	930282	-	Genome	21.84	AGAAGGCGACACCATGCGACTATGGGTCGCCTTTATTTTTTCCCC	trxB	930308	931273	26	cydD	928419	930185	1819						-20.10	.(((((((((.(((((....))))))))))))))...........
1	100	-1	21	+	946249	946278	ycaD	Intrinsic	946248	946299	+	Gene	24.25	TTCAAGCAGAGTGTGAACTTACTGTTTCACACTCTGCTTTTTTGTTTCTTCT	ycaD	945094	946242	6	ycaM	946452	947882	153						-21.90	...(((((((((((((((.....).)))))))))))))).............
1	100	-6	1	+	963366	963395	ihfB	Intrinsic	963360	963396	+	Genome	18.58	AGAAAAGCACCTGTCGGGTGCTTTTTTCATTTCTCTA	ihfB	963051	963335	25	ycaI	963543	965807	147						-13.50	.(((((((((((...)))))))))))...........
1	100	-5	3	-	985057	985086	ompF	Intrinsic	985054	985091	-	Genome	26.14	AAAAAACAGGACTTTGGTCCTGTTTTTTTTATACCTTC	ompF	985117	986205	26	aspC	983742	984932	1312						-14.70	((((((((((((....))))))))))))..........
1	100	0	17	+	1014700	1014729	ymbA	Intrinsic	1014700	1014746	+	Gene	19.76	TATAACCGTCTCCGGTATGTTGCCTGAGGCGGTTTTTTTGTCTCTAA	ymbA	1014119	1014682	18	rmf	1014938	1015105	192						-17.70	...(((((((((.((((...)))).))))))))).............
1	100	-13	1	-	1027574	1027603	hspQ	Intrinsic	1027573	1027616	-	Genome	21.70	AATCCCCGGAAGGTTTTTGCCTTCCGGGGATTTTTTATTTGGCC	hspQ	1027627	1027944	11	yccT	1026334	1026996	1239	17	Most Distant	Convergence	Start=1027583;End=1027628;Strand=+;% Overlapping=77.2727;Bit Score=22.25	68.1818	-26.10	((((((((((((((....))))))))))))))............
1	100	-7	0	-	1029925	1029954	yccA	Intrinsic	1029925	1029961	-	Genome	15.68	ATAGCCTCGCTTTATGCGGGGCTTTGTTTTTTGTTAC	yccA	1029982	1030641	21	tusE	1029562	1029891	363						-14.60	..((((((((.....))))))))..............
1	100	-7	6	-	1106920	1106949	opgC	Factor Dependent	1106914	1106956	-	Genome	18.97	ATAACCCGCTTCCAGAAACTGGTGGCGGGTTCTTTTTTGAGAA	opgC	1107007	1108164	51	csgD	1101769	1102419	5145						-19.90	...(((((((.((((...)))).)))))))((((....)))).
1	100	-5	5	-	1140354	1140383	rne	Intrinsic	1140349	1140388	-	Genome	23.86	ATCAAGCCCTGGTAACTGCCAGGGCTTTTTTATTTCATCT	rne	1140405	1143590	17	flgA	1129427	1130086	10922						-17.80	...((((((((((....)))))))))).............
1	100	-2	6	+	1152425	1152454	fabF	Intrinsic	1152423	1152460	+	Genome	17.46	ATAAAAGGTCCGCTTGCGGGCCTTTTTTCTTAGCTTTT	fabF	1151162	1152403	20	pabC	1152523	1153332	63						-13.30	..((((((((((....))))))))))............
1	100	-4	4	+	1158549	1158578	ptsG	Intrinsic	1158545	1158582	+	Genome	20.13	ACTAAGGCAGCCAGATGGCTGCCTTTTTTACAGGTGTT	ptsG	1157092	1158525	20	hinT	1161108	1161467	2526						-16.50	...(((((((((....))))))))).............
1	100	-6	2	-	1223442	1223471	minE	Intrinsic	1223440	1223477	-	Gene	14.61	TTCAAGGCAGAGTTATCTCTGCCTTGAGTTTTTCATCC	minE	1223502	1223768	25	ymgI	1222213	1222386	1227						-19.60	((((((((((((....))))))))))))..........
1	100	-6	2	-	1234889	1234918	ycgB	Intrinsic	1234887	1234924	-	Genome	15.60	AAAAAACCCCTCGTTTGAGGGGTTTGCTCTTTAAACGG	ycgB	1234932	1236464	8	nhaB	1232399	1233940	2488	20	Least Distant	Convergence	Start=1234897;End=1234934;Strand=+;% Overlapping=73.6842;Bit Score=24.84	57.8947	-14.90	...(((((((((....))))))))).............
1	100	-4	0	-	1260104	1260133	prs	Intrinsic	1260104	1260137	-	Gene	22.57	AAAGACCCGCTGCGGCGGGTTTTTTTGTCTGTAA	prs	1260151	1261098	14	dauA	1258347	1260026	1757						-15.10	((((((((((....))))))))))..........
1	100	0	7	-	1291673	1291702	hns	Intrinsic	1291673	1291709	-	Genome	23.33	TAAAATCCCGCCAGCGGCGGGATTTTTTATTGTCCGG	hns	1291732	1292145	23	ychJ	1287897	1288355	3776						-16.50	.(((((((((((...)))))))))))...........
1	100	-5	7	-	1294545	1294574	adhE	Intrinsic	1294538	1294579	-	Genome	16.71	TATAACGGCTTCCACAACAGGGAGCCGTTTTCTTATGCCACT	adhE	1294669	1297344	90	insZ	1293649	1294545	889						-16.50	...((((((((((......)))))))))).............
1	100	-3	6	-	1312688	1312717	yciE	Intrinsic	1312682	1312720	-	Genome	14.89	ATTGACCCCGTATATTACGGGGTCGTTTTTGTGCGGAAT	yciE	1312742	1313248	22	yciC	1310944	1311687	1738						-16.00	...(((((((((...)))))))))...............
2	100	-4	5	-	1314402	1314431	trpA	Factor Dependent	1314397	1314435	-	Genome	15.30	ACAGCCGCCAGTTCCGCTGGCGGCATTTTAACTTTCTTT	trpA	1314440	1315246	5	yciG	1313880	1314059	517						-18.10	...(((((((((...)))))))))...............
1	100	-4	4	-	1341006	1341035	osmB	Intrinsic	1341002	1341039	-	Genome	24.77	AAAGCCACGGATATATCCGTGGCTTTTTATGTTAACCG	osmB	1341134	1341352	95	ribA	1336594	1337184	4408	25	Most Distant	Convergence	Start=1341012;End=1341051;Strand=+;% Overlapping=73.6842;Bit Score=21.68	73.6842	-17.10	(((((((((((....)))))))))))............
1	100	-1	10	-	1348231	1348260	fabI	Intrinsic	1348221	1348261	-	Gene	17.14	AAAGATGGGCGGCGTTCTGCCGCCCGTTATCTCTGTTATAC	fabI	1348275	1349063	14	yciW	1347004	1348131	1217						-19.50	...((((((((((.....)))))))))).............
1	100	-3	5	+	1368041	1368070	pspE	Intrinsic	1368038	1368075	+	Genome	16.80	CATGAGCGGCGCTTATGCGCCGTTTTTTTTTCTGTCAC	pspE	1367713	1368027	11	ycjM	1368240	1369919	165						-15.80	...(((((((((....))))))))).............
1	100	-5	1	-	1395644	1395673	uspE	Intrinsic	1395643	1395678	-	Genome	15.54	ACAAGGCCCGAGTTATCGGGCCTATTTTTTACTTAC	uspE	1395696	1396646	18	ynaI	1392915	1393946	2728						-16.30	...((((((((....)))))))).............
1	100	0	10	+	1473113	1473142	ydbC	Intrinsic	1473113	1473152	+	Genome	17.59	ACAAAAGGGAAAGATGCATTTCCCTTTTTTTCTTTTTTAA	ydbC	1472245	1473105	8	ydbD	1473168	1475474	16						-11.50	..((((((((((......))))))))))............
1	100	-10	3	+	1485021	1485050	hrpA	Factor Dependent	1485011	1485053	+	Genome	17.86	AAAAACCCGGTAAGCATTTAGCGCCGGGTTTTTTATTAATTCT	hrpA	1481085	1484987	24	ydcF	1485259	1486059	206						-16.10	(((((((((((..((.....)))))))))))))..........
1	100	-2	3	+	1496909	1496938	ydcH	Intrinsic	1496907	1496941	+	Gene	14.72	TAAGCCGCCAGCCAGGCGGCTTTTTTAACAACTGC	ydcH	1496675	1496899	8	rimL	1496962	1497501	21						-14.60	.((((((((.....)))))))).............
1	100	-4	5	+	1522475	1522504	yncE	Intrinsic	1522471	1522509	+	Gene	15.01	AATTTGCCCGGCACGTAGCCGGGCAATTTTGCAATTAAC	yncE	1521331	1522392	79	yncG	1524271	1524888	1762						-18.20	...(((((((((.....))))))))).............
1	100	-14	7	+	1620802	1620831	yneM	Intrinsic	1620788	1620838	+	Gene	19.27	TAACCGGCCCCTTGTTACAGTTGTGTACAAGGGGCCTGATTTTTATGACGG	yneM	1620670	1620765	23	ydeJ	1622797	1623315	1959						-22.60	.....((((((((((.(((....)))))))))))))...............
1	100	0	12	+	1677411	1677440	ydgH	Intrinsic	1677411	1677452	+	Gene	15.15	TATAAGGCGGCTTGATGCCGCCTTTCGCATTTTTAGTCACAA	ydgH	1676451	1677395	16	ydgI	1677581	1678963	129						-15.20	...((((((((.....))))))))..................
2	100	-6	6	-	1742856	1742885	ydhQ	Intrinsic	1742850	1742891	-	Genome	14.78	TACAGGCGCAACCCGTGAAGGTTGCGCCTTGTCTTTATTAGC	ydhQ	1742895	1744151	4	ribC	1740625	1741266	2225	31	Least Distant	Convergence	Start=1742859;End=1742902;Strand=+;% Overlapping=78.5714;Bit Score=14.81	54.7619	-19.20	.((((((((((((......))))))))).)))..........
1	100	-2	4	+	1755164	1755193	pykF	Intrinsic	1755162	1755197	+	Genome	20.67	TCGAAGCGCCCTGATGGGCGCTTTTTTTATTTAATC	pykF	1753722	1755134	28	lpp	1755445	1755681	248						-16.70	..(((((((((....)))))))))............
1	100	-6	9	-	1790247	1790276	nlpC	Intrinsic	1790238	1790282	-	Gene	21.43	AAAATGGACGGCGATGATACATCGCCGTCCATTTACTCCTGAATA	nlpC	1790291	1790755	9	ydiV	1789331	1790044	907						-25.10	.(((((((((((((((...)))))))))))))))...........
1	100	-2	5	-	1793234	1793263	ihfA	Intrinsic	1793229	1793265	-	Genome	20.38	TAAAAAGGCCGCTCTGCGGCCTTTTTTCTTTTCACTG	ihfA	1793277	1793576	12	btuC	1792196	1793176	1033						-16.10	.(((((((((((...)))))))))))...........
1	100	-5	0	-	1797374	1797403	rplT	Intrinsic	1797374	1797408	-	Gene	15.59	AAAGAGGGAGCTAGTCTCCCTCTTTTCGTTTCAAC	rplT	1797417	1797773	9	pheM	1797250	1797294	124						-13.90	((((((((((.....))))))))))..........
1	100	-1	5	-	1819882	1819911	osmE	Intrinsic	1819877	1819912	-	Genome	15.56	GGAAACCGGCCATTGCGCCGGTTTTTTTTGGCCTGA	osmE	1819942	1820280	30	chbB	1819323	1819643	554						-13.60	.(((((((((......)))))))))...........
1	100	-27	12	-	1823088	1823117	spy	Intrinsic	1823076	1823144	-	Gene	23.68	AAGACCGCCGGTCTTGTCCACTACCTTGCAGTAATGCGGTGGACAGGATCGGCGGTTTTCTTTTCTCTT	spy	1823164	1823649	20	ves	1822386	1822961	690						-40.40	((((((((((((((((((((((.....(((....)))))))))))))))))))))))))..........
1	100	-4	8	+	1848732	1848761	sppA	Intrinsic	1848728	1848769	+	Gene	14.57	GAGTGGCCGACAGATCGTCGGCCACATTATTTTTTACGTCGA	sppA	1846861	1848717	11	ansA	1848884	1849900	115						-18.60	..(((((((((.....))))))))).................
1	100	0	6	+	1876992	1877021	yoaJ	Intrinsic	1876992	1877027	+	Gene	14.18	CAAAGGCTGCCTGTGTGCAGCCTTTGTGCAATTTAA	yoaJ	1876898	1876972	20	dmlA	1879936	1881021	2909	34	Most Distant	Convergence	Start=1876982;End=1877017;Strand=-;% Overlapping=72.2222;Bit Score=14.75	66.6667	-16.30	((((((((((......))))))))))..........
1	100	-2	3	-	1886037	1886066	fadD	Intrinsic	1886034	1886068	-	Gene	16.18	CAGACGCCGGTTAATCCGGCGTTTTTTTTGACGCC	fadD	1886085	1887770	17	rnd	1884888	1886015	1146						-14.90	.(((((((((.....)))))))))...........
1	100	-2	26	-	1921328	1921357	yebY	Factor Dependent	1921302	1921359	-	Gene	17.06	AAAAAAACCGCCTCAGTTCTTTCACCAGAACGGGCGGTTTTTAACATTTCAGCTGATG	yebY	1921389	1921730	30	ryeB	1921188	1921308	114						-20.30	..(((((((((((..(((((......))))))))))))))))..((((......))))
1	100	-8	4	-	1932748	1932777	zwf	Intrinsic	1932744	1932785	-	Genome	19.67	AGGCCTCGTGCGGATTCACCCACGAGGCTTTTTTTATTACAC	zwf	1932863	1934338	78	edd	1930817	1932628	1927						-18.40	.(((((((((.((.....))))))))))).............
1	100	-2	9	-	1938292	1938321	yebA	Intrinsic	1938283	1938323	-	Genome	19.53	GCAGCCGGTACGCAGTCAGTACCGGCTTTTTTTATTTGGTG	yebA	1938337	1939659	14	waaN	1937246	1938217	1037						-16.60	..(((((((((.......)))))))))..............
2	100	-8	5	-	1956463	1956492	cutC	Intrinsic	1956458	1956500	-	Genome	20.05	ACCAGGCCCCTGCAATTTCAACAGGGGCCTTTTTTTATCCCTG	cutC	1956544	1957290	44	torY	1955056	1956156	1402						-17.70	...(((((((((.........))))))))).............
1	100	-9	3	+	1959848	1959877	argS	Intrinsic	1959839	1959880	+	Genome	24.53	AAGCCTGATCAGGGTTAGCCGATCAGGCTTTTTTATTGCCAT	argS	1958086	1959819	20	yecT	1959996	1960484	116						-17.80	((((((((((.((.....))))))))))))............
1	100	-3	7	-	1980509	1980538	araH	Intrinsic	1980502	1980541	-	Gene	14.37	CATAGCCAACCGCCATAACGGTTGGCTGTTCTTCGTTGCA	araH	1980578	1981564	37	otsB	1979611	1980411	891						-17.90	.(((((((((((......)))))))))))...........
1	100	-13	5	+	2033320	2033349	yedS	Factor Dependent	2033307	2033354	+	Gene	22.07	ACTAGCCTGAGTTCGTCCCTCATCGAACTCAGGCTTTTTTATTGGCAT	yedS	2032075	2033267	40	hchA	2033859	2034710	505						-21.50	...((((((((((((........)))))))))))).............
1	100	-10	2	-	2095287	2095316	wzzB	Intrinsic	2095285	2095326	-	Genome	20.04	AAAAGGGCAGGGTGGTGACACCTTGCCCGTTTTTTTGCCGGA	wzzB	2095345	2096325	19	yefM	2087486	2087737	7799	41	Least Distant	Convergence	Start=2095294;End=2095337;Strand=+;% Overlapping=78.5714;Bit Score=20.34	64.2857	-20.70	....((((((((((....))))))))))..............
1	100	-26	14	-	2111365	2111394	wcaN	Intrinsic	2111351	2111420	-	Gene	14.96	TATAACGGCAGTGAAAATTCGCAGCAAAAGTAATTTGTTGCGAATCTTCCTGCCGTTGTTTTATATAAAC	wcaN	2111458	2112351	38	rfbB	2110000	2111085	1351						-33.60	.((((((((((.(((.((((((((((((.....)))))))))))).)))))))))))))...........
1	100	-4	4	-	2165284	2165313	ogrK	Intrinsic	2165280	2165317	-	Genome	23.17	AGGAAGCCCCTCAGTCGAGGGGCTTTTTTGTCGATGTG	ogrK	2165326	2165544	9	ibsB	2151705	2151761	13575	42	Least Distant	Convergence	Start=2165290;End=2165327;Strand=+;% Overlapping=73.6842;Bit Score=22.12	57.8947	-18.70	.(((((((((((....)))))))))))...........
1	100	-10	0	+	2264070	2264099	yeiP	Intrinsic	2264060	2264099	+	Genome	24.91	GAAAAGGGATAGCTCAGGCTGTCCCTTTTTTAATTTATTA	yeiP	2263472	2264044	16	yeiQ	2264267	2265733	168						-18.90	(((((((((((((....)))))))))))))..........
1	100	-4	2	+	2268618	2268647	spr	Intrinsic	2268614	2268649	+	Genome	25.34	AAAGCACTGCTTAGGCAGTGCTTTTTTGTTTTCATT	spr	2268001	2268567	47	rtn	2268748	2270304	99						-15.30	((((((((((....))))))))))............
1	100	-5	7	-	2334734	2334763	gyrA	Intrinsic	2334727	2334768	-	Gene	15.33	GAAAAGTCCAGGCTGCAAAGTCTGGGCTTTTGTCGTATTAGG	gyrA	2334815	2337442	47	yfaA	2332978	2334666	1749						-19.00	.(((((((((((((....)))))))))))))...........
2	100	-6	5	-	2388016	2388045	nuoN	Intrinsic	2388011	2388051	-	Genome	18.60	AGAAAGCCGCCGACATGCTCGGCGGTTTTTCTGAAAAAGAA	nuoN	2388070	2389527	19	yfbN	2385732	2386448	2279	47	Least Distant	Convergence	Start=2388022;End=2388060;Strand=+;% Overlapping=73.1707;Bit Score=15.35	56.4103	-18.10	.((((((((((((.....))))))))))))...........
1	100	-15	5	-	2403640	2403669	lrhA	Intrinsic	2403635	2403684	-	Gene	28.20	AACGAGCCGCTGGGGGTGTTTTAAACCCCAGCGGCTTTTTTTTAGTAAAA	lrhA	2403725	2404663	41	nuoA	2402651	2403094	984						-26.10	...((((((((((((..........)))))))))))).............
1	100	-6	5	+	2414957	2414986	pta	Intrinsic	2414951	2414991	+	Genome	22.90	GAACCGGAAATAATCACTATTTCCGGTTTTTTATTCTCTTA	pta	2412769	2414913	38	yfcC	2415103	2416623	112						-14.40	((((((((((((.....))))))))))))............
1	100	0	8	-	2438303	2438332	fabB	Intrinsic	2438295	2438332	-	Genome	21.62	CAAAAGGGAACCTGATGGTTCCCTTTTTCACATCATTG	fabB	2438407	2439627	75	yfcJ	2436964	2438142	1331						-16.80	.(((((((((((....)))))))))))...........
1	100	-10	0	-	2462224	2462253	mlaA	Intrinsic	2462224	2462263	-	Genome	30.01	AAAAAGGTGAGTCGCAAAACTCACCTTTTTTGTTGTTATC	mlaA	2462274	2463029	11	yfcZ	2458672	2458956	3552						-14.40	((((((((((((......))))))))))))..........
1	100	-7	1	-	2495024	2495053	alaC	Intrinsic	2495023	2495060	-	Genome	19.81	CAAACAGGAGCCTGATGGCTCCTGTTTTTCATTGCACA	alaC	2495079	2496317	19	yfdY	2493072	2493314	1951	49	Least Distant	Convergence	Start=2495033;End=2495070;Strand=+;% Overlapping=73.6842;Bit Score=16.20	63.1579	-19.30	.(((((((((((....)))))))))))...........
1	100	-7	1	+	2534387	2534416	crr	Intrinsic	2534380	2534417	+	Genome	27.66	AAAAATGGCGCCCATCGGCGCCATTTTTTTATGCTTCC	crr	2533856	2534365	15	yfeK	2535364	2535738	947	51	Most Distant	Convergence	Start=2534370;End=2534407;Strand=-;% Overlapping=73.6842;Bit Score=19.31	78.9474	-17.70	((((((((((((....))))))))))))..........
1	100	-12	0	-	2588727	2588756	ypfM	Intrinsic	2588727	2588768	-	Genome	28.15	AAAAAGGCGACACATTGGCATGTCGCCTTTTTTATTGCTTAT	ypfM	2588829	2588888	61	aegA	2581568	2583547	7159	52	Most Distant	Convergence	Start=2588738;End=2588777;Strand=+;% Overlapping=73.8095;Bit Score=22.72	62.5	-15.70	((((((((((((........))))))))))))..........
1	100	-7	3	-	2628920	2628949	guaA	Intrinsic	2628917	2628956	-	Genome	28.34	CAAAACCCTCTGTTACTACAGAGGGTTTTTTATCTTCAAG	guaA	2628980	2630557	24	yfgF	2624717	2626960	4200	53	Least Distant	Convergence	Start=2628927;End=2628966;Strand=+;% Overlapping=75;Bit Score=28.45	72.5	-17.80	.((((((((((((....))))))))))))...........
1	100	-4	6	+	2628931	2628960	yfgI	Intrinsic	2628927	2628966	+	Genome	28.45	AAAAACCCTCTGTAGTAACAGAGGGTTTTGTTCATTCATA	yfgI	2628348	2628887	40	xseA	2632254	2633624	3288	53	Most Distant	Convergence	Start=2628917;End=2628956;Strand=-;% Overlapping=75;Bit Score=28.34	72.5	-17.90	.((((((((((((....))))))))))))...........
1	100	-14	1	-	2657530	2657559	iscA	Intrinsic	2657529	2657573	-	Genome	14.42	ATAACCCCACCGTGGTCGCCTGCGCGTGGGGTTTGTTTTACCTGA	iscA	2657585	2657908	12	hscB	2656974	2657489	555						-18.90	..(((((((((((((....))))).))))))))............
1	100	-5	17	+	2671797	2671826	yphA	Intrinsic	2671792	2671843	+	Gene	15.05	AAAGATGCCGGATGCGGCGTGAACGCCTTATCCGGCATTTAATAAATTACAG	yphA	2671368	2671790	2	yphH	2680885	2682078	9042						-26.10	..((((((((((((.((((....)))).))))))))))))............
1	100	0	19	-	2702318	2702347	lepB	Intrinsic	2702299	2702347	-	Gene	17.44	TCGTTCACGTTGTCGCCGTTATGGCGACAACGTGAATTATTTATGAGAT	lepB	2702357	2703331	10	rnc	2701405	2702085	894						-26.20	..(((((((((((((((.....)))))))))))))))............
1	100	-6	8	-	2714035	2714064	grcA	Intrinsic	2714027	2714070	-	Genome	24.43	ACTAAGCGGAAGAGGGCGACCTCTTCCGCTTTTTTTCGTTAATA	grcA	2714088	2714471	18	yfiE	2712461	2713342	1566	54	Most Distant	Convergence	Start=2714037;End=2714080;Strand=+;% Overlapping=77.2727;Bit Score=14.54	68.1818	-22.20	...((((((((((((....)))))))))))).............
1	100	-1	7	-	2724050	2724079	rrfG	Intrinsic	2724043	2724080	-	Genome	23.99	GAAAGGCCATCCTGACGGATGGCCTTTTTGCATTGGCG	rrfG	2724091	2724210	11	kgtP	2722470	2723768	1573						-20.20	((((((((((((....)))))))))))).((....)).
1	100	-6	6	+	2734926	2734955	bamD	Intrinsic	2734920	2734961	+	Genome	26.21	ACAAAACGGCAGCCCTTGAGCTGCCGTTTTTTTATTCTGTCA	bamD	2734168	2734905	15	raiA	2735176	2735517	215						-17.30	..(((((((((((......)))))))))))............
1	100	-11	3	+	2754032	2754061	ssrA	Intrinsic	2754021	2754064	+	Genome	25.49	AAGAGCCCGCACGGCGCAAGCCCTGCGGGCTTTTTTGTGCCCTC	ssrA	2753615	2753977	44	intA	2754181	2755422	117						-24.60	(((((((((((.(((....))).)))))))))))..........
1	100	-7	2	+	2798532	2798561	ygaM	Intrinsic	2798525	2798563	+	Gene	14.06	TTGACCCCGAAGCCTGTCTTCGGGGTTTCTTTTTGCCTG	ygaM	2798168	2798497	28	nrdH	2798745	2798990	182						-16.00	..((((((((((.....))))))))))............
1	100	0	6	-	3077622	3077651	tktA	Intrinsic	3077616	3077651	-	Genome	22.04	AAAAAGGTCGCTTCGGCGACCTTTTTTATTACCTTG	tktA	3077666	3079657	15	cmtB	3076909	3077352	707						-15.30	(((((((((((....)))))))))))..........
2	100	-11	6	-	3117574	3117603	glcA	Intrinsic	3117568	3117614	-	Gene	20.74	ATAAAGCCGGATGATCGTTAATATCATCCGGCTTCATTTACATTATT	glcA	3117619	3119301	5	yghJ	3112572	3117134	4996						-18.70	...((((((((((((.......)))))))))))).............
2	100	-14	4	-	3156904	3156933	ygiQ	Intrinsic	3156900	3156947	-	Gene	19.96	AAATATCCCCGGCAACTGACACGCTACCGGGGATTTTTTTATCATTCT	ygiQ	3156949	3159168	2	yqhC	3152284	3153240	4616	60	Least Distant	Convergence	Start=3156910;End=3156957;Strand=+;% Overlapping=79.1667;Bit Score=15.33	62.5	-13.30	....((((((((..............))))))))..............
1	100	-4	1	-	3165833	3165862	mqsA	Intrinsic	3165832	3165866	-	Gene	15.32	GAAAAGCGGGGGCAACTCGCTTTTTTCTTTACCGG	mqsA	3165873	3166268	7	ygiS	3164133	3165740	1699						-11.90	((((((((((.....))))))))))..........
1	100	-5	8	-	3303920	3303949	deaD	Intrinsic	3303912	3303954	-	Genome	24.54	ATACAGCCCCGATTTTTACCATCGGGGCTTTTTTTCTGTCTTT	deaD	3303993	3305882	39	mtr	3302595	3303839	1317						-15.50	....(((((((((.......)))))))))..............
1	100	0	6	-	3320055	3320084	leuU	Intrinsic	3320049	3320084	-	Genome	24.86	AAAGAGACGCTGAAAAGCGTCTTTTTTCGTTTTGGT	leuU	3320094	3320180	10	yhbX	3318010	3319635	2039						-13.80	(((((((((((....)))))))))))..........
1	100	-3	7	-	3322960	3322989	ftsH	Intrinsic	3322953	3322992	-	Genome	25.64	GAAAACCCCGGGGCGTGCTCCGGGGTTTTTTCTTATCAAT	ftsH	3323023	3324957	31	folP	3322085	3322933	868						-20.50	(((((((((((((....)))))))))))))..........
1	100	-5	5	-	3330824	3330853	rpmA	Intrinsic	3330819	3330858	-	Genome	26.86	AAAGCCCCGCAACACGTTGCGGGGCTTTTTACATTCGATA	rpmA	3330884	3331141	26	yhbE	3329792	3330757	1027						-20.10	((((((((((((....))))))))))))............
1	100	-3	4	+	3405306	3405335	accC	Intrinsic	3405303	3405339	+	Genome	23.51	CAAAAGGCCGGATTTTCCGGCCTTTTTTATTACTGGG	accC	3403939	3405288	15	yhdT	3405397	3405639	58						-17.10	.(((((((((((...)))))))))))...........
1	100	-18	11	+	3408043	3408072	prmA	Factor Dependent	3408025	3408083	+	Gene	15.20	AAGGCACGTAAATTTGCCGATTATTTACGCAAATTTGCGTGCCAAAATTTTCATTCATA	prmA	3407092	3407973	52	dusB	3408302	3409267	219						-23.10	..(((((((((((((((...........)))))))))))))))................
1	100	-4	9	+	3484786	3484815	crp	Intrinsic	3484782	3484824	+	Gene	14.58	GGAGTGGCGCGTTACCTGGTAGCGCGCCATTTTGTTTCCCCCG	crp	3484142	3484774	8	yhfK	3484813	3486915	-11						-22.20	(((((((((((((((...)))))))))))))))..........
1	100	-4	9	+	3541013	3541042	feoC	Intrinsic	3541009	3541051	+	Genome	22.01	GAAAGCCCGGTATGCGTCTGCATCCGGGCTTTTTTGCGTGCGG	feoC	3540750	3540986	23	yhgA	3541189	3542067	138						-21.60	((((((((((.((((....))))))))))))))..........
1	100	-11	9	+	3585461	3585490	yhhA	Factor Dependent	3585450	3585499	+	Gene	16.57	CACACCCCAGCGCAGCAACTCTGCTGCGCGCTGGGGTTTATTGACGGTAT	yhhA	3584966	3585406	44	panM	3596007	3596390	10508						-25.00	...((((((((((((((....))))))..)))))))).............
1	100	-3	5	-	3597902	3597931	rpoH	Intrinsic	3597897	3597934	-	Genome	18.55	AGAACCCTGGATGAGAGTCCGGGGTTTTTGTTTTTTGG	rpoH	3597952	3598806	18	livJ	3596578	3597681	1319						-17.10	.(((((((((((....)))))))))))...........
1	100	-9	6	-	3645675	3645704	dinQ	Intrinsic	3645669	3645713	-	Gene	14.29	TTAAGGGCTAAGAGCACACTACTCTTAGCCCTTTAACATTTAACG	dinQ	3645728	3645856	15	prlC	3641163	3643205	4506	69	Most Distant	Convergence	Start=3645678;End=3645724;Strand=+;% Overlapping=80;Bit Score=15.17	68.8889	-19.00	..((((((((((((.......))))))))))))............
1	100	-15	6	-	3653932	3653961	hdeB	Factor Dependent	3653926	3653976	-	Gene	27.00	AAAAAGGAGTAGCAAGTTGAGCCATCTTGCTGCTCCTTTTTGCATTTTTAT	hdeB	3653989	3654315	13	yhiD	3653278	3653925	648						-23.70	((((((((((((((((.((...)).))))))))))))))))..........
1	100	-7	7	+	3715243	3715272	yiaD	Intrinsic	3715236	3715279	+	Gene	15.31	TCATGCCAGGTGATGCAGAAATCACCTGGCATTCTTCAGTTTTC	yiaD	3714570	3715229	7	ghrB	3715333	3716307	54						-21.40	..((((((((((((......))))))))))))............
1	100	-10	2	+	3796252	3796281	waaL	Intrinsic	3796242	3796283	+	Gene	14.82	TTTAAGAAGTGAGTTAAAACTCACTTCTTATCTATACAACTT	waaL	3794971	3796230	12	waaA	3806563	3807840	10280						-15.60	..((((((((((((....))))))))))))............
1	100	-3	5	+	3884769	3884798	yidC	Intrinsic	3884766	3884803	+	Genome	26.26	ATAAGGGCGGTCAGTTGACCGCCTTTTTTCTTTTCGTA	yidC	3883099	3884745	21	mnmE	3884851	3886215	48						-16.50	..((((((((((....))))))))))............
1	100	-8	6	+	3886233	3886262	mnmE	Intrinsic	3886225	3886268	+	Gene	15.48	CGAAGCCGCATTCTGACTGTCAGATGCGGCTTCGCTTCATTGTT	mnmE	3884851	3886215	10	tnaC	3886458	3886532	190						-23.20	(((((((((((.((((...)))))))))))))))..........
1	100	-3	5	+	3945062	3945091	trpT	Intrinsic	3945059	3945096	+	Genome	17.66	ATCATCCTTAGCGAAAGCTAAGGATTTTTTTTATCTGA	trpT	3944980	3945055	4	yifE	3946109	3946447	1013						-13.40	...(((((((((....))))))))).............
1	100	-4	3	-	3957518	3957547	ppiC	Intrinsic	3957515	3957551	-	Gene	14.03	CAAGGCCTTCTCCAGGAGAAGGCCTTGAGTGTTTTCT	ppiC	3957555	3957836	4	ilvY	3954950	3955843	2565	74	Least Distant	Convergence	Start=3957525;End=3957561;Strand=+;% Overlapping=72.973;Bit Score=15.75	75.6757	-20.70	((((((((((((...))))))))))))..........
1	100	-7	16	-	3984623	3984652	hemY	Factor Dependent	3984607	3984659	-	Gene	17.31	AAAAACGCCTGCTCTTATTACGGAGCAGGCGTTAAAACAGGTCTGTATGACAA	hemY	3984709	3985905	50	aslA	3982375	3984030	2232						-24.00	...((((((((((((......)))))))))))).......(((.....)))..
1	100	-5	6	-	4013337	4013366	ysgA	Intrinsic	4013331	4013371	-	Genome	16.45	AAAGACCGGGTGGTATTACCACCCGGTTTGGATTTTACCCC	ysgA	4013377	4014192	6	metR	4009886	4010839	3445	75	Least Distant	Convergence	Start=4013343;End=4013381;Strand=+;% Overlapping=70.7317;Bit Score=17.49	66.6667	-20.90	..((((((((((((...))))))))))))............
1	100	-12	10	+	4038676	4038705	rrfA	Intrinsic	4038664	4038715	+	Gene	26.68	TAAAACGAAAGGCTCAGTCGGAAGACTGGGCCTTTCGTTTTATCTGTTGTTT	rrfA	4038540	4038659	5	yihD	4040092	4040361	1377	76	Most Distant	Convergence	Start=4013331;End=4013371;Strand=-;% Overlapping=-1;Bit Score=16.45	43.9024	-30.80	(((((((((((((((((((....)))))))))))))))))))..........
1	100	-5	6	+	4099510	4099539	sodA	Intrinsic	4099505	4099545	+	Genome	19.62	AATGAACCATCGCCAACGGCGGTGGTTTTTTTGTGATCAAT	sodA	4098833	4099453	52	kdgT	4099713	4100696	168						-15.00	...(((((((((((...))))))))))).............
1	100	0	12	+	4100716	4100745	kdgT	Intrinsic	4100716	4100757	+	Gene	14.17	ACAGCCGGATGAACTAACGTTCGTCCGGTTTGCTATTGAGTT	kdgT	4099713	4100696	20	yiiM	4100845	4101519	88						-18.70	..((((((((((((....))))))))))))............
1	100	-8	3	+	4107874	4107903	sbp	Intrinsic	4107866	4107906	+	Genome	23.61	AAACCCGGTGGTTTCTCGCGACCGGGTTTTTTATTTGTCAC	sbp	4106857	4107846	20	cdh	4107953	4108708	47						-16.40	(((((((((.((.....)).)))))))))............
1	100	-5	8	-	4108724	4108753	tpiA	Intrinsic	4108716	4108758	-	Gene	14.09	GACAGGTGCCGGATTTCATATCCGGCACTTACTTTCCTTAACT	tpiA	4108763	4109530	5	cpxR	4102995	4103693	5721						-18.40	...(((((((((((.....))))))))))).............
1	100	-1	3	-	4125256	4125285	yiiX	Intrinsic	4125253	4125286	-	Gene	20.42	AAAAAGCGCCGTGCGGCGCTTTTTTCGGAAATCC	yiiX	4125309	4125917	23	priA	4122635	4124833	2618	77	Most Distant	Convergence	Start=4125262;End=4125297;Strand=+;% Overlapping=73.5294;Bit Score=21.62	73.5294	-13.70	((((((((((....))))))))))..........
1	100	-1	5	+	4125263	4125292	rpmE	Intrinsic	4125262	4125297	+	Genome	21.62	AAAAAAGCGCCGCACGGCGCTTTTTTTGTGCCTGAA	rpmE	4125036	4125248	14	metB	4126695	4127855	1398	77	Least Distant	Convergence	Start=4125253;End=4125286;Strand=-;% Overlapping=69.4444;Bit Score=20.42	73.5294	-14.60	(((((((((((....)))))))))))..........
1	100	-12	10	+	4169796	4169825	rrfB	Factor Dependent	4169784	4169835	+	Gene	27.51	TAAAACGAAAGGCTCAGTCGAAAGACTGGGCCTTTCGTTTTATCTGTTGTTT	rrfB	4169660	4169779	5	murB	4170080	4171108	245	78	Most Distant	Convergence	Start=4125253;End=4125286;Strand=-;% Overlapping=-1;Bit Score=20.42	41.1765	-30.80	(((((((((((((((((((....)))))))))))))))))))..........
1	100	-12	3	+	4176360	4176389	nusG	Intrinsic	4176348	4176392	+	Gene	20.16	CAAGGCGTGAGATTGGAATACAATTTCGCGCCTTTTGTTTTTATG	nusG	4175766	4176311	37	rplK	4176470	4176898	78						-21.30	.((((((((((((((.....))))))))))))))...........
1	100	-5	1	+	4187622	4187651	rpoC	Intrinsic	4187617	4187652	+	Genome	16.97	TAAAAACCCGCTTCGGCGGGTTTTTTTATGGGGGGA	rpoC	4183373	4187596	21	yjaZ	4187809	4188348	157						-14.50	.((((((((((....))))))))))...........
1	100	-4	7	+	4211195	4211224	rrfE	Factor Dependent	4211191	4211231	+	Genome	29.15	AAAAACCCCGGTCCATAAGGCCGGGGTTTTTTGCATATCAA	rrfE	4211063	4211182	9	yjaA	4211257	4211640	26						-20.30	(((((((((((((.....)))))))))))))..........
1	100	-6	0	-	4240547	4240576	malG	Intrinsic	4240547	4240582	-	Gene	14.65	ATTCGGCGCTCCACGGAGCGCCTTTTTTTCTTTCGT	malG	4240649	4241539	67	xylE	4238802	4240277	1745						-14.70	....(((((((....)))))))..............
1	100	-3	9	+	4260759	4260788	dusA	Intrinsic	4260756	4260797	+	Genome	16.56	ACCACGCCCTGCGCACCGTCGCGGGGCGTTTTGCTGTTAAAT	dusA	4259737	4260729	27	pspG	4260863	4261105	66						-19.10	...((((((((((......)))))))))).............
1	100	0	11	-	4261238	4261267	qorA	Intrinsic	4261227	4261267	-	Genome	24.07	AAATAGGGCTTCCACCTGGGAAGCCCTTTCTTTTTATAGTT	qorA	4261271	4262254	4	zur	4257511	4258026	3716						-16.50	....(((((((((.....)))))))))..............
1	100	-17	6	+	4367184	4367213	fxsA	Intrinsic	4367167	4367219	+	Gene	17.43	CGAAACGCCGGATTATGTGGTTATGCCATTTTCCGGCGTTTTTCGTTTTGGCA	fxsA	4366687	4367163	4	groS	4368711	4369004	1492						-22.60	.(((((((((((....(((((...)))))..)))))))))))...........
1	100	-2	12	+	4370721	4370750	groL	Intrinsic	4370719	4370762	+	Genome	26.33	ACAAACCCCCGGGCAGAAATGTCTGGGGGTTTTTCTTTTGGTCA	groL	4369048	4370694	25	yjeI	4370832	4371185	70						-22.50	..(((((((((((((....)))))))))))))............
1	100	-3	3	-	4478950	4478979	valS	Intrinsic	4478947	4478982	-	Genome	25.93	AAGGCCGGAGCATGCTCCGGCCTTTTTTATCTCTTA	valS	4479005	4481860	23	yjgM	4477057	4477560	1890	80	Most Distant	Convergence	Start=4478957;End=4478994;Strand=+;% Overlapping=72.2222;Bit Score=20.42	77.7778	-18.30	((((((((((....))))))))))............
1	100	-6	0	+	4486442	4486471	lptG	Intrinsic	4486436	4486471	+	Genome	20.96	ATAAAGGGAGCGAAAGCTCCCTTTATTATTGTTAGC	lptG	4485341	4486423	13	idnK	4492646	4493209	6175						-17.10	(((((((((((....)))))))))))..........
1	100	-11	5	+	4552418	4552447	uxuB	Intrinsic	4552407	4552452	+	Gene	15.63	TACTGGTCAATCAAACTGATATTTGGTTGACCAGTTTTCGTTTTTT	uxuB	4550924	4552384	23	uxuR	4552599	4553372	147						-18.80	.((((((((((((((......))))))))))))))...........
1	100	-4	3	+	4610345	4610374	ytjA	Intrinsic	4610341	4610377	+	Genome	15.56	AAAGCCAGTCCAGCGGACTGGCTTTTGCGGTTTTAGC	ytjA	4610151	4610312	29	yjjU	4610434	4611507	57						-16.90	(((((((((((...)))))))))))............
1	100	-3	7	+	4619660	4619689	deoD	Factor Dependent	4619657	4619696	+	Genome	21.77	AAGCCGGAGCGGGAGACTGCTCCGGCTTTTTAGTATCTAT	deoD	4618906	4619625	32	yjjJ	4619792	4621123	96						-23.30	((((((((((((....))))))))))))............
1	96,67	-8	-1	-	853992	854021	ybiS	Intrinsic	853993	854029	-	Genome	25.51	AAAAGGCGGACTCATAATCCGCCTTTTTTATTTGCCA	ybiS	854047	854967	18	mntS	852092	852220	1901	11	Most Distant	Convergence	Start=854003;End=854039;Strand=+;% Overlapping=72.973;Bit Score=21.19	64.8649	-13.30	((((((((((.......))))))))))..........
2	96,67	-8	-1	-	889675	889704	grxA	Intrinsic	889676	889712	-	Gene	14.11	GACAAGCCCTCGCGTTGAGGGCTTTACTGATTTTTTC	grxA	889719	889976	7	ybjL	887357	889042	2319						-13.40	...((((((((.....)))))))).............
1	96,67	1	10	-	914539	914568	aqpZ	Intrinsic	914529	914567	-	Genome	21.94	AGAAGGCCTGGCGTAATGTCAGGCCTTTTTTTAAGATGT	aqpZ	914575	915270	8	ybjE	913181	914080	1348						-18.50	.(((((((((((.....)))))))))))...........
1	96,67	1	7	+	1244214	1244243	ymgE	Intrinsic	1244215	1244250	+	Gene	14.37	AAGGCGGATAGCGATACAGATGCCGCTATCCGCTTT	ymgE	1243951	1244205	10	ycgY	1244383	1244823	133						-19.90	(((((((((((((..........)))))))))))))
1	96,67	1	13	-	1487705	1487734	gapC	Factor Dependent	1487692	1487733	-	Gene	16.84	GCACAGGCGGAGGAAAAAACCTCCGCCTCTTTCACTCATTAA	gapC	1487737	1488737	4	azoR	1480279	1480884	7413						-18.10	....(((((((((......)))))))))..............
1	96,67	1	21	-	2190481	2190510	yehE	Intrinsic	2190460	2190509	-	Gene	30.33	AGAAAGCCGAAATCATTTATATAAATGATTTCGGCTTTTTTATTGATATC	yehE	2190537	2190818	28	yehD	2189702	2190244	758						-21.90	.(((((((((((((((((....)))))))))))))))))...........
1	96,67	1	9	+	2194363	2194392	metG	Intrinsic	2194364	2194401	+	Genome	16.97	CAAGGCGCTGCATCGACAGCGCCTTTTCTTTATAAATT	metG	2192322	2194355	9	yehH	2194496	2198291	95						-15.50	.(((((((((......))))))))).............
2	96,67	1	23	-	2943027	2943056	csdL	Intrinsic	2943004	2943055	-	Gene	15.57	AATCAGGTCGGATGAGACGCGAACGTCTTATCCGACCCGGTTCTGTGCTTAA	csdL	2943058	2943864	3	ygdI	2940940	2941167	2064						-26.90	((((.((((((((((((((....)))))))))))))).))))..........
1	96,67	-7	-1	-	3375768	3375797	rpsI	Intrinsic	3375769	3375804	-	Genome	22.07	AAAAAACCCGCTTCGGCGGGTTTTTTTATAGCTAAA	rpsI	3375837	3376229	33	sspA	3374804	3375442	965						-15.00	(((((((((((....)))))))))))..........
1	96,67	-15	-1	+	3409630	3409659	fis	Intrinsic	3409615	3409658	+	Genome	17.38	AAAAGGCGCTACTCGGCATGGGGAAGCGCCTTTTTTATAGGTGT	fis	3409293	3409589	26	yhdJ	3409675	3410559	17						-18.40	((((((((((.(((......))).))))))))))..........
1	96,67	-8	-1	-	3475876	3475905	slyD	Intrinsic	3475877	3475913	-	Genome	22.34	AAAAAAGCGGGGAATCCCCGCTTTTTTTACGCCTCAA	slyD	3475929	3476519	16	fkpA	3474629	3475441	1248	66	Most Distant	Convergence	Start=3475887;End=3475923;Strand=+;% Overlapping=72.973;Bit Score=21.00	78.3784	-16.50	((((((((((((...))))))))))))..........
1	96,67	1	11	+	3718307	3718336	cspA	Intrinsic	3718308	3718347	+	Genome	22.16	TAAGATCCCTGCCATTTGGCGGGGATTTTTTTATTTGTTT	cspA	3718072	3718284	24	insJ	3718703	3719224	356						-19.00	.((((((((((((....))))))))))))...........
1	96,67	1	13	+	3775148	3775177	yibL	Intrinsic	3775149	3775190	+	Genome	23.51	AAGGGCAATTCTCTGATGAGGATTGCCCTTTTCTTTACCAGA	yibL	3774688	3775050	99	lldP	3775422	3777077	232						-20.50	(((((((((((((....)))))))))))))............
1	96,67	-4	-1	+	3946453	3946482	yifE	Intrinsic	3946449	3946481	+	Gene	19.94	AAAAAGGGCGAAATGCCCTTTTTTTATGTCAGT	yifE	3946109	3946447	2	ilvL	3948345	3948443	1864	73	Most Distant	Convergence	Start=3946437;End=3946473;Strand=-;% Overlapping=75.7576;Bit Score=14.73	63.6364	-11.10	(((((((((.....)))))))))..........
1	96,67	1	25	+	4134041	4134070	katG	Intrinsic	4134042	4134095	+	Gene	14.38	GACCCCGTTCAGCGGCTGCTTGCTGGCAGTCGCTGAACGTTCTTTACCAGCGTA	katG	4131858	4134038	4	yijE	4134131	4135036	36						-27.90	.....(((((((((((((((....)))))))))))))))...............
1	93,33	-10	-2	+	429731	429760	secF	Intrinsic	429721	429758	+	Genome	25.55	AAAATCCCGGTCAGAAGATCGGGATTTTTTTTGATGTA	secF	428729	429700	21	yajD	429829	430176	71						-16.00	((((((((((((....))))))))))))..........
1	93,33	-9	-2	+	656752	656781	cspE	Intrinsic	656743	656779	+	Genome	27.16	CAAAACCCGCTTAATCAGCGGGTTTTTTTTGGTCTTT	cspE	656515	656724	19	ybeM	657254	658041	475	7	Most Distant	Convergence	Start=656733;End=656769;Strand=-;% Overlapping=72.973;Bit Score=20.86	67.5676	-13.90	.((((((((((.....))))))))))...........
1	93,33	2	8	-	986769	986798	asnS	Intrinsic	986761	986796	-	Genome	19.05	CAAGAGCCAGCGCCCGCTGGCTCTTTTTTTATCTTT	asnS	986808	988208	12	ompF	985117	986205	1644						-17.80	.((((((((((....))))))))))...........
1	93,33	2	11	-	1344965	1344994	rnb	Intrinsic	1344954	1344992	-	Gene	15.21	ACGGCCCATTCCTCATGGATGGGCCGTTTATTTCCCCGC	rnb	1345002	1346936	10	gmr	1342781	1344766	2173						-19.10	(((((((((.((....)))))))))))............
3	93,33	2	14	-	1670814	1670843	mdtI	Intrinsic	1670800	1670841	-	Genome	17.15	AAGACGCTGCCCGCGCTGTCGGGCAGCGTTTGAACATTATTT	mdtI	1670844	1671173	3	ynfL	1666723	1667616	4077	29	Least Distant	Convergence	Start=1670810;End=1670851;Strand=+;% Overlapping=76.1905;Bit Score=15.37	54.7619	-22.20	.((((((((((((......))))))))))))...........
1	93,33	2	19	-	1842958	1842987	topB	Intrinsic	1842939	1842985	-	Gene	17.43	AAATATCCAGCGGATCAAGAAAATTCGTTGGATATTTTTTTTGCATG	topB	1843023	1844984	38	ynjI	1841855	1842895	1084						-16.30	(((((((((((((((.......)))))))))))))))..........
1	93,33	2	23	+	1892479	1892508	yoaC	Intrinsic	1892481	1892531	+	Gene	17.67	GGTCAGGACGCTTTTAATCACATATAAAAAGCGTCCTTTTTCTCACAATCA	yoaC	1892157	1892456	25	pabB	1892829	1894190	298						-14.60	....(((((((((((...........)))))))))))..............
1	93,33	2	10	-	2060366	2060395	erfK	Intrinsic	2060356	2060393	-	Genome	31.84	AAAAAGCCTGCTAGAAAGCAGGCTTTTTTGAATTTGGC	erfK	2060415	2061347	22	nac	2059040	2059957	1316	40	Most Distant	Convergence	Start=2060366;End=2060403;Strand=+;% Overlapping=73.6842;Bit Score=30.74	68.4211	-16.60	((((((((((((....))))))))))))..........
1	93,33	2	15	+	2088131	2088160	hisL	Intrinsic	2088133	2088175	+	Genome	28.19	AAGCCCCCGGAAGATCACCTTCCGGGGGCTTTTTTATTGCGCG	hisL	2088020	2088070	63	hisG	2088216	2089115	41						-26.10	(((((((((((((.....)))))))))))))............
1	93,33	2	15	-	2517236	2517265	gltX	Intrinsic	2517221	2517263	-	Genome	28.15	ATAAACGGCAGGAGATAATATCCTGCCGTTTTTTATTTATGCT	gltX	2517279	2518694	16	alaW	2516178	2516253	1043	50	Most Distant	Convergence	Start=2517230;End=2517274;Strand=+;% Overlapping=79.0698;Bit Score=21.68	72.093	-18.20	..(((((((((((.......)))))))))))............
1	93,33	-10	-2	-	2904605	2904634	eno	Intrinsic	2904607	2904644	-	Genome	26.19	AAAATGCCAGCCTCCGGGCTGGCATTTTTTATGGTTGA	eno	2904665	2905963	21	queE	2902769	2903440	1838	58	Most Distant	Convergence	Start=2904617;End=2904654;Strand=+;% Overlapping=73.6842;Bit Score=22.64	68.4211	-20.40	((((((((((((....))))))))))))..........
1	93,33	2	9	+	3085899	3085928	metK	Intrinsic	3085901	3085937	+	Genome	19.41	CAAAGGCCAGCCTCGCGCTGGCCTTTTTCTTTTGGAT	metK	3084728	3085882	19	galP	3086306	3087700	369						-17.00	.((((((((((.....))))))))))...........
1	93,33	2	14	-	3421408	3421437	rrfF	Factor Dependent	3421394	3421435	-	Genome	26.59	CAAAAGGCTCAGTCGGAAGACTGGGCCTTTTGTTTTATCTGT	rrfF	3421445	3421564	10	envR	3410825	3411487	10569						-23.30	((((((((((((((....))))))))))))))..........
1	93,33	2	14	-	3474596	3474625	fkpA	Intrinsic	3474582	3474623	-	Genome	31.63	AAGAACCGCCGCCTGACCAGGCGGCGGTTTTTTTATTACAGG	fkpA	3474629	3475441	6	yheO	3473740	3474462	842						-23.80	((((((((((((((....))))))))))))))..........
1	90	-15	-3	-	185072	185101	dapD	Intrinsic	185075	185116	-	Gene	14.46	GCACACGGGCAGCACGACGCTGCCCGATTTTTTTGCAGGGAT	dapD	185123	185947	7	yaeI	184257	185069	818						-16.90	.....((((((((.....))))))))................
1	90	-15	-3	+	455701	455730	tig	Intrinsic	455686	455727	+	Genome	25.90	AAAGGCCCGTCACCGCCAGGTGGTGGGCTTTTTTTTGTCATG	tig	454357	455655	31	clpP	455901	456524	174						-20.00	((((((((((((((....))))))))))))))..........
1	90	3	9	-	480437	480466	acrB	Intrinsic	480428	480463	-	Genome	15.81	ACTAAGGCCGCGTAAGCGGCCTTTTTTATGCATAAC	acrB	480478	483627	15	tomB	479558	479932	870						-15.50	...((((((((....)))))))).............
1	90	-11	-3	-	709382	709411	fur	Intrinsic	709371	709408	-	Genome	22.48	GAAAAGCCAACCTGCGGGTTGGCTTTTTTATGCAAGGG	fur	709423	709869	15	nagB	702034	702834	7337	9	Least Distant	Convergence	Start=709381;End=709418;Strand=+;% Overlapping=73.6842;Bit Score=25.13	73.6842	-18.10	((((((((((((....))))))))))))..........
2	90	-10	-3	-	1755686	1755715	ynhG	Intrinsic	1755689	1755725	-	Genome	22.21	AAAATGGCGCACAATGTGCGCCATTTTTCACTTCACA	ynhG	1755745	1756749	20	ydhZ	1752956	1753165	2733	32	Most Distant	Convergence	Start=1755699;End=1755735;Strand=+;% Overlapping=72.973;Bit Score=26.97	78.3784	-16.90	((((((((((((...))))))))))))..........
1	90	3	11	-	2409420	2409449	yfbT	Intrinsic	2409409	2409446	-	Gene	15.71	ATTTAGCCCCGTCTCGTCGGGGCTTTTTTATGGCAGAA	yfbT	2409461	2410111	15	yfbS	2407542	2409374	1867						-14.00	....(((((((......)))))))..............
1	90	3	10	+	2751992	2752021	bamE	Intrinsic	2751995	2752031	+	Genome	29.77	AAAAAGGTGCTCAATGAGCACCTTTTTTCTGTCTGTT	bamE	2751627	2751968	27	smpB	2752918	2753400	887	55	Most Distant	Convergence	Start=2751985;End=2752021;Strand=-;% Overlapping=72.973;Bit Score=28.12	78.3784	-15.40	((((((((((((...))))))))))))..........
1	90	3	11	-	3446286	3446315	rpsQ	Intrinsic	3446275	3446312	-	Genome	25.67	ATAAACGGCTCAGAAATGAGCCGTTTATTTTTTCTACC	rpsQ	3446336	3446590	24	rplN	3445800	3446171	475						-17.30	((((((((((((....))))))))))))..........
1	90	3	24	+	4504424	4504453	yjhC	Factor Dependent	4504427	4504477	+	Gene	16.56	AAAAACTATACGCCTCTTGATTTAATTCAGGAGGCCTTTTATGTATGATCA	yjhC	4503310	4504428	-1	ythA	4504471	4504596	-6						-15.70	......((((((((((((((......))))))))).......)))))....
1	86,67	4	13	+	256436	256465	gpt	Intrinsic	256440	256478	+	Gene	21.11	TTCAACGCCTGGCACTGCCGGGCGTTGTTCTTTTTAACT	gpt	255977	256435	5	frsA	256527	257771	49						-19.80	..(((((((((((...)))))))))))............
1	86,67	4	17	+	602597	602626	pheP	Intrinsic	602601	602643	+	Genome	22.38	AACCGCTCTCATCCATTCGATGAGAGCGGTTTTTTTAATTACT	pheP	601182	602558	43	sokE	606957	607015	4314	5	Most Distant	Convergence	Start=602589;End=602633;Strand=-;% Overlapping=76.7442;Bit Score=20.36	69.7674	-21.80	(((((((((((((.....)))))))))))))............
1	86,67	-14	-4	-	784100	784129	ybgS	Intrinsic	784104	784143	-	Gene	14.44	ATAATGGGAGAGCGGAGTCTCTCCCTTTTAATTTTTCACT	ybgS	784160	784540	17	zitB	783105	784046	999						-11.90	.....(((((((......)))))))...............
1	86,67	4	12	+	1018190	1018219	matP	Intrinsic	1018194	1018231	+	Genome	18.47	AAAAAACCCCGCAGCAGCGGGGTTTTTCTACCAGACGA	matP	1017708	1018160	34	sxy	1020361	1020990	2130	16	Most Distant	Convergence	Start=1018185;End=1018220;Strand=-;% Overlapping=71.0526;Bit Score=25.27	72.2222	-17.60	.(((((((((((....)))))))))))...........
1	86,67	4	13	+	1195613	1195642	icd	Intrinsic	1195617	1195655	+	Genome	18.83	ATTAACGGGAGCGTAACGCTCCCGTTGTTTTTTGTTAGG	icd	1194346	1195596	21	lit	1197918	1198811	2263						-18.10	..(((((((((((...)))))))))))............
2	86,67	4	17	-	1221494	1221523	ymgD	Intrinsic	1221477	1221519	-	Genome	15.16	ATGTACCGCGTCGATGAATACGACGCGGTTTTTTAGCTAACGG	ymgD	1221528	1221857	9	bluF	1213487	1214698	7990						-15.80	....(((((((((.......)))))))))..............
1	86,67	4	12	-	1328412	1328441	yciN	Intrinsic	1328400	1328437	-	Genome	22.45	AAAACGCGAGGTCTTAGCCTCGCGTTTGTCTTTTACAT	yciN	1328441	1328692	4	yciK	1326378	1327136	2022	24	Least Distant	Convergence	Start=1328411;End=1328448;Strand=+;% Overlapping=71.0526;Bit Score=17.80	39.4737	-17.70	.(((((((((((....)))))))))))...........
1	86,67	-14	-4	-	1553777	1553806	sra	Intrinsic	1553781	1553820	-	Genome	25.06	AAACACCATTGCCTGCGCAATGGTGTTTTTGTTTTTATCT	sra	1553850	1553987	30	maeA	1551996	1553693	1785						-16.30	((((((((((((....))))))))))))............
1	86,67	4	15	-	1566931	1566960	gadC	Intrinsic	1566916	1566956	-	Genome	23.25	ACAAGGGAGCGATAATTCATCGCTCCCTTTTTCGTGCTTGC	gadC	1566978	1568513	22	yddW	1565528	1566847	1388						-18.10	..(((((((((((.....)))))))))))............
1	86,67	-11	-4	+	1755710	1755739	lpp	Intrinsic	1755699	1755735	+	Genome	26.97	AAAATGGCGCACATTGTGCGCCATTTTTTTTGTCTGC	lpp	1755445	1755681	18	ydiK	1767098	1768210	11363	32	Least Distant	Convergence	Start=1755689;End=1755725;Strand=-;% Overlapping=72.973;Bit Score=22.21	78.3784	-16.90	((((((((((((...))))))))))))..........
1	86,67	4	21	+	1994065	1994094	yecF	Intrinsic	1994069	1994115	+	Gene	21.43	TAAAACCGGCTGATAGCGTGCCTTTCAGCCGGTTTTTGCATCTGGCA	yecF	1993842	1994066	3	fliD	2001896	2003302	7781	39	Least Distant	Convergence	Start=1994059;End=1994105;Strand=-;% Overlapping=78.7234;Bit Score=22.36	63.8298	-20.40	.((((((((((((.((.....)).))))))))))))(((.....)))
1	86,67	4	10	-	2245040	2245069	lysP	Intrinsic	2245030	2245065	-	Genome	23.62	AAGCCCTCTCAACCGAGAGGGCTTTTTCAATTCCAT	lysP	2245085	2246554	20	cirA	2242800	2244791	2230						-17.50	((((((((((....))))))))))............
1	86,67	4	14	-	2506447	2506476	glk	Intrinsic	2506433	2506472	-	Gene	14.92	TTATATCGGGAGGTAACTCTCCCGATAATCTTTTAAATCA	glk	2506483	2507448	11	fryB	2505938	2506264	495						-14.80	...((((((((((....)))))))))).............
1	86,67	4	10	-	2516030	2516059	alaX	Factor Dependent	2516020	2516055	-	Genome	19.06	AACCCTCGCTGCAAAGCGGGGGTTTTTTGTCTCTGC	alaX	2516063	2516138	8	yfeA	2513665	2515854	2355						-16.70	((((((((((....))))))))))............
1	86,67	-15	-4	+	3239232	3239261	sstT	Intrinsic	3239217	3239257	+	Genome	16.30	AACCCCTTTCGTCTACGGCGGAAGGGGTTTTCTCAACTTTA	sstT	3237966	3239210	7	exuT	3243126	3244544	3869						-19.40	(((((((((((((...)))))))))))))............
1	86,67	-10	-4	-	3468103	3468132	tufA	Intrinsic	3468107	3468142	-	Genome	17.29	GAAAAGGGCGCTTCGGCGCCCTTTTTGCATTTGTTG	tufA	3468167	3469351	25	chiA	3465182	3467875	2925						-18.40	(((((((((((....)))))))))))..........
1	86,67	4	17	+	4402351	4402380	hflC	Intrinsic	4402355	4402397	+	Genome	15.67	AGCCACCGCATCCTCAGGGATGTCGGTGGTTTTCTTTTTCTAT	hflC	4401323	4402327	28	yjeT	4402409	4402606	12						-20.80	.((((((((((((....))))).))))))).............
1	86,67	4	12	-	4452603	4452632	fbp	Intrinsic	4452591	4452628	-	Genome	14.42	TGCGCCTCTCCACACGGAGAGGCGTTTTTATTGCTGCG	fbp	4452634	4453632	6	ppa	4447145	4447675	5446						-19.80	.((((((((((....)))))))))).............
1	83,33	5	16	-	399022	399051	ddlA	Intrinsic	399006	399046	-	Genome	18.95	AACGCCCGATAATATTCTTATTGGGCGTTTTCAGTTTCTTC	ddlA	399053	400147	7	yaiY	398249	398557	757						-15.70	((((((((((((.....))))))))))))............
1	83,33	5	17	+	640564	640593	ahpF	Intrinsic	640569	640610	+	Genome	21.91	TTAGCCGCCGGGGTCAAACCTGGCGGCTTTTTTATGGCATTA	ahpF	638976	640541	28	ybdR	641311	642549	701						-21.80	..((((((((((......))))))))))..............
1	83,33	5	25	+	877852	877881	bssR	Intrinsic	877857	877906	+	Gene	14.05	ACTAAGGGGGAGAAAGCGTCTCCCCCTTCATGTTTAAGTTTTTGTAAAAA	bssR	877471	877854	3	yliI	877965	879080	59						-17.70	...((((((((((.....))))))))))......................
1	83,33	5	20	+	881154	881183	dacC	Intrinsic	881159	881203	+	Gene	16.92	GATAACCGGATGGCGCGAAACGTCATCCGGTTATACGTCATTAAT	dacC	879950	881152	7	mdfA	882896	884128	1693	12	Most Distant	Convergence	Start=881149;End=881193;Strand=-;% Overlapping=77.7778;Bit Score=15.42	64.4444	-22.50	.((((((((((((((.....))))))))))))))...........
1	83,33	5	18	+	959350	959379	aroA	Intrinsic	959355	959397	+	Genome	18.43	ATCAAAACGTCGGCACATTGTCGGCGTTTTTTTTCGGACCTTG	aroA	958035	959318	37	ycaL	959487	960251	90						-14.00	...((((((((((((...)))))))))))).............
2	83,33	5	18	-	1386300	1386329	tpx	Intrinsic	1386282	1386324	-	Gene	15.81	ATATGCCTGATGGTGTTGCACCATCAGGCATATTCGCGCTTAC	tpx	1386329	1386835	5	ycjW	1380987	1381985	5295	26	Least Distant	Convergence	Start=1386292;End=1386334;Strand=+;% Overlapping=76.7442;Bit Score=19.17	76.7442	-23.90	(((((((((((((((...)))))))))))))))..........
1	83,33	5	17	+	1689389	1689418	ydgA	Intrinsic	1689394	1689435	+	Genome	17.20	AAAACGCCGGAGAATTTTCACTCCGGCGTTTTCATCTGAAAA	ydgA	1687876	1689384	10	malX	1697379	1698971	7944						-19.40	((((((((((((........))))))))))))..........
1	83,33	-19	-5	+	2095313	2095342	hisI	Intrinsic	2095294	2095337	+	Genome	20.34	AAAACGGGCAAGGTGTCACCACCCTGCCCTTTTTCTTTAAAACC	hisI	2094638	2095249	45	yegH	2135926	2137509	40589	41	Most Distant	Convergence	Start=2095285;End=2095326;Strand=-;% Overlapping=75;Bit Score=20.04	64.2857	-15.30	.....(((((.((((....)))).)))))...............
1	83,33	5	13	+	2280835	2280864	rplY	Intrinsic	2280840	2280877	+	Genome	24.04	AAAAAACCCCGCTCCGGCGGGGTTTTTTGTATCTGCAG	rplY	2280539	2280823	17	yejL	2282151	2282378	1274	44	Least Distant	Convergence	Start=2280831;End=2280866;Strand=-;% Overlapping=71.0526;Bit Score=21.80	72.2222	-19.90	((((((((((((....))))))))))))..........
1	83,33	5	19	-	2325331	2325360	yfaP	Intrinsic	2325312	2325355	-	Genome	23.26	AAAACACCCGATAACTTTCGCTATCGGGTGTTTTTATTGATTAA	yfaP	2325389	2326165	34	rcsC	2315049	2317898	10263	45	Most Distant	Convergence	Start=2325323;End=2325364;Strand=+;% Overlapping=75;Bit Score=24.55	69.0476	-17.60	(((((((((((((........)))))))))))))..........
1	83,33	-2	-5	+	2460689	2460718	fadL	Intrinsic	2460687	2460713	+	Gene	14.45	AAAGTCACCTGCATAGCAGGTGACTTT	fadL	2459328	2460668	19	yfdF	2461034	2462092	321						-17.80	((((((((((((...))))))))))))
1	83,33	5	19	+	2714032	2714061	eamB	Intrinsic	2714037	2714080	+	Genome	14.54	AAAAAGCGGAAGAGGTCGCCCTCTTCCGCTTAGTAACTTGCTAC	eamB	2713445	2714032	5	ung	2714776	2715465	696	54	Least Distant	Convergence	Start=2714027;End=2714070;Strand=-;% Overlapping=77.2727;Bit Score=24.43	68.1818	-21.20	...((((((((((((....)))))))))))).............
3	83,33	5	13	-	2812186	2812215	luxS	Intrinsic	2812173	2812210	-	Genome	18.63	AAAAGCCAGTTCAAATGAACTGGCTTAGTTGTACTTAG	luxS	2812240	2812755	30	ygaC	2797672	2798016	14501	56	Most Distant	Convergence	Start=2812182;End=2812221;Strand=+;% Overlapping=76.3158;Bit Score=24.18	71.0526	-15.80	..((((((((((....))))))))))............
1	83,33	5	19	-	3049074	3049103	visC	Intrinsic	3049055	3049098	-	Gene	14.55	TTTCATCTCCCGGTTTTTTCGCCGGGAGATTTTCCTCATTTGAA	visC	3049137	3050339	39	gcvT	3047595	3048689	1460						-17.60	....((((((((((......))))))))))..............
1	83,33	5	12	+	3326187	3326216	yhbY	Intrinsic	3326192	3326228	+	Genome	16.83	ATAAAAGGCCGCATAGCGGCCTTTTTCCTTTCTTTAC	yhbY	3325812	3326105	87	dacB	3326985	3328418	757	63	Most Distant	Convergence	Start=3326184;End=3326216;Strand=-;% Overlapping=67.5676;Bit Score=16.73	63.6364	-15.20	..((((((((((...))))))))))............
1	83,33	-23	-5	+	3608571	3608600	dcrB	Intrinsic	3608548	3608595	+	Gene	15.57	TGAGGCGGCCTCAGGGACGTGTTCCGGAGGCCGTTTTTTTAATCGCCA	dcrB	3607978	3608535	13	yhhT	3609888	3610937	1293						-21.90	.(((((((((((.((((....)))).)))))))))))...........
1	83,33	5	34	-	3664164	3664193	gadA	Intrinsic	3664130	3664188	-	Gene	19.17	AAAAACCGAATGCCCAGCCTTTAAAAAAACAGCTGGGCATTCGGTTGCTTATTAATCGC	gadA	3664203	3665603	15	gadX	3663009	3663833	1121						-27.70	...(((((((((((((((.............))))))))))))))).............
1	83,33	5	15	+	4042078	4042107	dsbA	Intrinsic	4042083	4042122	+	Genome	32.50	ATAAAGCCCGTGAATATTCACGGGCTTTTTTTATTATTTA	dsbA	4041441	4042067	16	yihF	4042222	4043652	100						-17.90	..(((((((((((....)))))))))))............
1	83,33	5	16	-	4376992	4377021	frdD	Intrinsic	4376976	4377016	-	Genome	19.57	TAAATCCGGCCCGCCTATGGCGGGCCGTTTTGTATGGAAAC	frdD	4377030	4377389	14	ampC	4375834	4376967	1142						-20.40	......(((((((((...)))))))))..............
1	83,33	5	12	-	4437857	4437886	ytfL	Intrinsic	4437845	4437881	-	Gene	15.44	CAACGGCTCCTGAATCAGGAGCCGTCTTATTACTGCA	ytfL	4437895	4439238	14	ytfJ	4436731	4437285	1114						-18.10	..((((((((((...))))))))))............
1	80	6	14	+	209590	209619	accA	Intrinsic	209596	209633	+	Genome	20.43	AAAAAGGGTCACTTCGGTGGCCCTTTTTTATCGCCACG	accA	208621	209580	16	ldcC	209679	211820	46						-16.50	((((((((((((....))))))))))))..........
1	80	6	17	-	473498	473527	tesB	Intrinsic	473481	473521	-	Genome	17.66	AATAGCCGGAGGTGAAAACCGTCCGGCTGTTTTTTGCAGTG	tesB	473525	474385	4	ybaE	464836	466536	8645	4	Least Distant	Convergence	Start=473490;End=473532;Strand=+;% Overlapping=78.0488;Bit Score=17.01	65.8537	-19.50	(((((((((((((....))).))))))))))..........
1	80	6	12	-	695624	695653	glnX	Intrinsic	695612	695647	-	Genome	22.21	AAAAAGCTCGCTTCGGCGAGCTTTTTGCTTTTCTGC	glnX	695653	695727	6	miaB	692754	694178	2858						-16.00	(((((((((((....)))))))))))((......))
1	80	6	18	+	728579	728608	ybfA	Intrinsic	728585	728626	+	Genome	31.37	GAAAACCGCCAGCGGAAACGCTGGCGGTTTTTTGTATCAGGA	ybfA	728357	728563	22	rhsC	728806	732999	180						-25.10	((((((((((((((....))))))))))))))..........
1	80	-17	-6	-	847548	847577	dps	Factor Dependent	847554	847594	-	Genome	20.41	AAAAGCGGCTTCCTGACAGGAGGCCGTTTTGTTTTGCAGCC	dps	847631	848134	37	glnH	846481	847227	1073						-19.20	.(((((((((((((...)))))))))))))...........
1	80	6	18	-	949530	949559	pflA	Intrinsic	949512	949553	-	Genome	28.56	AAAGCGGCAACTTTATTGAGTTGCCGCTTTTTTATTCCGCGC	pflA	949563	950303	10	ycaN	947883	948791	1629	14	Least Distant	Convergence	Start=949524;End=949563;Strand=+;% Overlapping=71.4286;Bit Score=14.60	65	-19.90	(((((((((((((....)))))))))))))............
1	80	6	19	-	1030819	1030848	serT	Factor Dependent	1030800	1030842	-	Genome	28.23	GATAAGGGGTTAGCTAAATGCTAACCCCTTTTTCTTTTGCCTG	serT	1030848	1030935	6	yccA	1029982	1030641	818						-19.80	((.(((((((((((.....)))))))))))..)).........
1	80	-16	-6	-	1180954	1180983	potD	Intrinsic	1180960	1180999	-	Genome	20.27	AAGCGGGCGGTGGTATTACCGCCCGTTTTTTAGTTAGCAA	potD	1181006	1182052	7	ymfA	1180487	1180948	473						-19.80	((((((((((((....))))))))))))............
1	80	-14	-6	-	1433162	1433191	uspF	Intrinsic	1433168	1433205	-	Genome	18.43	TAACGCCCGCACATTGCTGCGGGCTTTTTGATTCATTT	uspF	1433209	1433643	4	ttcC	1432982	1433032	186						-14.10	....(((((((......)))))))..............
1	80	6	20	-	1701269	1701298	ydgJ	Intrinsic	1701249	1701292	-	Gene	22.52	AAAAATGGATGGTGCATTTGCACCATCCATTTTGTTACTTCGCG	ydgJ	1701292	1702332	0	malI	1696176	1697204	5073	30	Least Distant	Convergence	Start=1701260;End=1701301;Strand=+;% Overlapping=75;Bit Score=23.68	73.8095	-22.30	.((((((((((((((....))))))))))))))...........
1	80	6	20	-	1713938	1713967	tyrS	Intrinsic	1713918	1713961	-	Gene	21.28	GGAAAGGGGGAGTGAGAAATCACTCCCCCTGGTTTTTATACAGG	tyrS	1713972	1715246	11	pdxY	1713050	1713913	868						-22.70	....(((((((((((....)))))))))))..............
1	80	6	20	+	1742853	1742882	mdtK	Intrinsic	1742859	1742902	+	Genome	14.81	GACAAGGCGCAACCTTCACGGGTTGCGCCTGTATTTTTACGCAG	mdtK	1741481	1742854	5	valV	1744459	1744535	1557	31	Most Distant	Convergence	Start=1742850;End=1742891;Strand=-;% Overlapping=75;Bit Score=14.78	54.7619	-20.90	....(((((((((((....)))))))))))(((....)))....
1	80	6	16	-	1975242	1975271	flhC	Intrinsic	1975226	1975265	-	Genome	17.17	CAGCAGCGGTAACGACGTACCGCTGCTTTTTTTTGCCCCA	flhC	1975290	1975868	25	motA	1974276	1975163	950						-17.30	.((((((((((......)))))))))).............
1	80	-15	-6	-	2097816	2097845	gnd	Intrinsic	2097822	2097860	-	Genome	19.74	AGGCCCGGCGTATATTGCACCGGGCTTTTTTTTGCCAAA	gnd	2097886	2099292	26	ugd	2096471	2097637	1351						-16.00	.(((((((.(((...))).))))))).............
2	80	6	21	-	2454315	2454344	sixA	Intrinsic	2454294	2454338	-	Gene	14.67	ATTATGCCCAATGAGGTAGATTCATTGGGCATAATTGCTCATCAG	sixA	2454349	2454834	11	yfcV	2453105	2453668	1189						-20.60	(((((((((((((((.....)))))))))))))))..........
1	80	6	17	-	2458632	2458661	yfcZ	Intrinsic	2458615	2458655	-	Genome	19.86	ACGCCCCTGTCAGTTGCTGGCAGGGGCGTTTTCTTTTCTCT	yfcZ	2458672	2458956	17	fadI	2457181	2458491	1434						-24.50	(((((((((((((...)))))))))))))............
1	80	6	21	+	3148564	3148593	yghA	Factor Dependent	3148570	3148614	+	Gene	18.26	AAAATGCCCGGTTGTGAAAAGCAACCGGGCATCATTGTGAATTCA	yghA	3147684	3148568	2	metC	3150258	3151445	1644						-22.00	...((((((((((((.....)))))))))))).............
1	80	6	20	-	3640376	3640405	rsmJ	Intrinsic	3640356	3640399	-	Gene	21.37	TAAAACAGGGTAGCGATAACGCTACCCTGCTTTCTGCAAGAATA	rsmJ	3640403	3641155	4	uspB	3637408	3637743	2948	68	Least Distant	Convergence	Start=3640369;End=3640406;Strand=+;% Overlapping=70.4545;Bit Score=21.00	68.4211	-18.80	.....((((((((((....))))))))))...............
1	80	6	17	-	3904843	3904872	phoU	Intrinsic	3904826	3904866	-	Gene	18.66	CAAATCCCAATAACTTAATTATTGGGATTTGTTATATATAA	phoU	3904876	3905601	10	bglG	3903754	3904590	1072						-15.30	(((((((((((((.....)))))))))))))..........
1	80	6	14	+	3965709	3965738	rho	Intrinsic	3965715	3965752	+	Genome	28.78	AAAACGCCACGTGTTTACGTGGCGTTTTGCTTTTATAT	rho	3964440	3965699	16	wecA	3965939	3967042	187						-17.80	((((((((((((....))))))))))))..........
2	80	6	17	-	4051590	4051619	yshB	Intrinsic	4051573	4051613	-	Gene	14.86	GCGCCGCATCAGGCATCATGCTCAGATGCCTGATGCGGCGT	yshB	4051670	4051780	57	yihA	4048156	4048788	3417						-34.50	(((((((((((((((((.......)))))))))))))))))
1	80	6	18	-	4112553	4112582	glpX	Intrinsic	4112535	4112576	-	Gene	15.79	GAGCCTTCCAGTCCTTCGGGACTGGAATTTTTTTGTTCGGAG	glpX	4112592	4113602	16	fpr	4111749	4112495	786						-16.20	((((.(((((((((....))))))))).......))))....
1	80	6	14	+	4175175	4175204	tufB	Intrinsic	4175181	4175218	+	Genome	21.91	TAAAAGGGCATCATTTGATGCCCTTTTTGCACGCTTTC	tufB	4173967	4175151	30	secE	4175381	4175764	163						-16.30	.(((((((((((....)))))))))))...........
1	80	-10	-6	+	4213285	4213314	metA	Intrinsic	4213275	4213308	+	Gene	14.46	TCAGGCACCTTCGGGTGCCTTTTTTATTTCCGAA	metA	4212303	4213232	43	aceB	4213501	4215102	193						-12.80	..(((((((....)))))))..............
1	80	6	35	+	4351169	4351198	yjdO	Intrinsic	4351175	4351233	+	Gene	14.26	ACGATGAACGAAGCAGTCGCCTGACTGCTTCGTTCATTAAAGTGAAATTTATTTCTGTG	yjdO	4350931	4351104	71	fxsA	4366687	4367163	15454						-26.20	..((((((((((((((((....)))))))))))))))).....................
1	76,67	7	15	+	27245	27274	ispH	Intrinsic	27252	27289	+	Genome	21.15	AAAATGCCGGTCTTGTTACCGGCATTTTTTATGGAGAA	ispH	26277	27227	25	rihC	27293	28207	4						-14.70	(((((((((((......)))))))))))..........
1	76,67	7	15	+	127584	127613	aceF	Intrinsic	127591	127628	+	Genome	30.70	AAAGAGCCGGCCCAACGGCCGGCTTTTTTCTGGTAATC	aceF	125695	127587	4	lpd	127912	129336	284						-20.00	((((((((((((....))))))))))))..........
1	76,67	7	23	-	254226	254255	pepD	Intrinsic	254203	254248	-	Gene	14.00	TGCTGCCGGATGGCGTTTAATCGCCTTCCGGCAGTTTCATCCTTCA	pepD	254259	255716	11	lfhA	248358	250070	5845						-26.00	.(((((((((.((((......)))).)))))))))...........
2	76,67	7	16	-	430325	430354	tsx	Intrinsic	430309	430347	-	Genome	23.49	AAAATGCCGGGATTTATTCCCGGCATTTCTGATTGTTAA	tsx	430353	431237	6	acpH	423561	424142	6748						-18.80	.(((((((((((.....)))))))))))...........
1	76,67	-11	-7	+	454078	454107	bolA	Intrinsic	454067	454100	+	Gene	20.04	AAAAACGGCCTGCGGGCCGTTTTGTTTTGTCTGG	bolA	453696	454013	54	tig	454357	455655	257						-15.10	.(((((((((....)))))))))...........
1	76,67	7	21	+	496215	496244	htpG	Intrinsic	496222	496265	+	Genome	25.23	AATGCCGGATGACCTTCGTGTCATCCGGCATTTTTCTTTTCATC	htpG	494344	496218	4	adk	496399	497043	134						-21.70	(((((((((((((......)))))))))))))............
1	76,67	7	22	-	881171	881200	deoR	Intrinsic	881149	881193	-	Gene	15.42	TATAACCGGATGACGTTTCGCGCCATCCGGTTATCAGAAGATTAA	deoR	881199	881957	6	gstB	879077	879703	2072	12	Least Distant	Convergence	Start=881159;End=881203;Strand=+;% Overlapping=77.7778;Bit Score=16.92	64.4444	-18.60	.(((((((((((.(((...))).)))))))))))...........
2	76,67	7	16	-	921534	921563	cspD	Intrinsic	921518	921556	-	Genome	23.43	AAAATGCCAGCCCGATCGGCTGGCATTTTTATCTCAAAA	cspD	921589	921813	33	ybjX	917351	918343	4167	13	Most Distant	Convergence	Start=921528;End=921566;Strand=+;% Overlapping=74.359;Bit Score=18.66	69.2308	-18.50	((((((((((((.....))))))))))))..........
1	76,67	7	13	+	939956	939985	serS	Intrinsic	939963	939998	+	Genome	16.60	TAAAAAGCGCCTGCGGGCGCTTTTTTTGTCTCCCTT	serS	938651	939943	20	dmsA	940182	942626	184						-15.40	.((((((((((....))))))))))...........
1	76,67	7	14	+	1015115	1015144	rmf	Intrinsic	1015122	1015158	+	Genome	17.53	AGAAACCTCCGCATTGCGGAGGTTTCGCCTTTTGATA	rmf	1014938	1015105	17	matP	1017708	1018160	2550	15	Least Distant	Convergence	Start=1015112;End=1015148;Strand=-;% Overlapping=72.973;Bit Score=21.33	70.2703	-19.30	.(((((((((((...)))))))))))...........
1	76,67	-13	-7	-	1018178	1018207	ompA	Intrinsic	1018185	1018220	-	Genome	25.27	AAAAACCCCGCTGCTGCGGGGTTTTTTTTGCCTTTA	ompA	1018236	1019276	16	ycbZ	1015762	1017522	2423	16	Least Distant	Convergence	Start=1018194;End=1018231;Strand=+;% Overlapping=75;Bit Score=18.47	72.2222	-17.60	(((((((((((....)))))))))))..........
1	76,67	7	15	-	1255866	1255895	ychF	Intrinsic	1255851	1255888	-	Genome	25.46	TAAAATCCACGCAATTGCGTGGATTTTTCATTTCACCG	ychF	1255944	1257035	56	ycgV	1252308	1255175	3543						-15.50	.(((((((((((....)))))))))))...........
3	76,67	7	20	-	1664486	1664515	ynfK	Factor Dependent	1664466	1664508	-	Gene	16.18	TAAACCGGGGAGTAGCTGATACTCCCCGGTCATTTCACATATC	ynfK	1664548	1665243	40	ynfC	1654771	1655481	9695						-21.50	...(((((((((((.....))))))))))).............
1	76,67	7	19	+	1701253	1701282	add	Intrinsic	1701260	1701301	+	Gene	23.68	AAAATGGATGGTGCAAATGCACCATCCATTTTTCATGCAAGG	add	1700257	1701258	2	blr	1702575	1702700	1274	30	Most Distant	Convergence	Start=1701249;End=1701292;Strand=-;% Overlapping=78.5714;Bit Score=22.52	73.8095	-21.30	((((((((((((((....))))))))))))))..........
1	76,67	7	15	+	1861805	1861834	gapA	Intrinsic	1861812	1861849	+	Genome	24.93	AAAAAGAGCGACTTCGGTCGCTCTTTTTTTTACCTGAT	gapA	1860795	1861790	22	yeaD	1861874	1862758	25						-16.50	((((((((((((....))))))))))))..........
1	76,67	7	16	-	1930111	1930140	eda	Intrinsic	1930095	1930133	-	Genome	18.84	AAAATGCCCGATCGAGGATCGGGCATTTTTGTAGCGTTT	eda	1930139	1930780	6	yebG	1928481	1928771	1614	37	Least Distant	Convergence	Start=1930104;End=1930144;Strand=+;% Overlapping=76.9231;Bit Score=19.41	66.6667	-18.40	(((((((((((((...)))))))))))))..........
1	76,67	7	24	-	1994083	1994112	sdiA	Intrinsic	1994059	1994105	-	Gene	22.36	AAAAACCGGCTGAAAGGCACGCTATCAGCCGGTTTTATATTACTGAC	sdiA	1994134	1994856	29	uvrY	1992727	1993383	1332	39	Most Distant	Convergence	Start=1994069;End=1994115;Strand=+;% Overlapping=78.7234;Bit Score=21.43	63.8298	-21.10	.((((((((((((.((.....)).))))))))))))...........
1	76,67	-26	-7	+	2040163	2040192	zinT	Intrinsic	2040137	2040185	+	Gene	14.02	AGCTACAGACACGCTCATCACTATGACGTGTCTGTATATTAATAAGCTA	zinT	2039399	2040049	88	yodB	2040392	2040922	207						-18.10	(((((((((((((.((((....))))))))))))).........)))).
1	76,67	7	28	-	2303106	2303135	mqo	Intrinsic	2303078	2303128	-	Gene	20.54	GATACGCCACATCCGGCATGGTATGCCGGATGTGGCGTATGCTGATAAGAC	mqo	2303130	2304776	2	napF	2301025	2301519	2053						-34.00	.((((((((((((((((((...))))))))))))))))))...........
1	76,67	7	22	+	2517223	2517252	yfeD	Intrinsic	2517230	2517274	+	Genome	21.68	AAAAAACGGCAGGATATTATCTCCTGCCGTTTATCTTTTTACACG	yfeD	2516835	2517227	3	valU	2518953	2519028	1679	50	Least Distant	Convergence	Start=2517221;End=2517263;Strand=-;% Overlapping=75.5556;Bit Score=28.15	72.093	-17.80	...(((((((((((.......))))))))))).............
1	76,67	7	15	-	2729595	2729624	clpB	Intrinsic	2729580	2729617	-	Genome	21.18	TAAAACGAGCCCTTCGGGGCTCGTTTTTGTCTATAAGT	clpB	2729622	2732195	5	rrsG	2727638	2729179	1942						-18.10	.(((((((((((....)))))))))))...........
1	76,67	7	14	-	2751999	2752028	ratB	Intrinsic	2751985	2752021	-	Genome	28.12	AAAAAGGTGCTCATTGAGCACCTTTTTTAACGTCTTT	ratB	2752030	2752320	9	grpE	2748137	2748730	3848	55	Least Distant	Convergence	Start=2751995;End=2752031;Strand=+;% Overlapping=72.973;Bit Score=29.77	78.3784	-15.40	((((((((((((...))))))))))))..........
1	76,67	-9	-7	+	2945721	2945750	metV	Factor Dependent	2945712	2945743	+	Gene	14.14	GAACACCCTAACGGGTGTTTTTTTGTTTCTGG	metV	2945629	2945705	7	argA	2947264	2948595	1521						-10.70	((((((((....))))))))............
1	76,67	7	21	+	3104995	3105024	nupG	Intrinsic	3105002	3105045	+	Genome	31.58	GAAAAACGGGTCGCCAGAAGGTGACCCGTTTTTTTTATTCTTAC	nupG	3103736	3104992	10	yqgA	3107575	3108282	2530	59	Most Distant	Convergence	Start=3104993;End=3105034;Strand=-;% Overlapping=75;Bit Score=28.09	71.4286	-23.40	(((((((((((((((....)))))))))))))))..........
1	76,67	7	19	+	3179601	3179630	ygiC	Intrinsic	3179608	3179649	+	Gene	14.26	CGATACCGGATGGCACTCGCCATCCGGTAATTGTTAGCCTAT	ygiC	3178443	3179603	5	zupT	3180572	3181345	923						-21.30	((((((((((((((....)))))))))).)))).........
1	76,67	7	21	-	3181783	3181812	ribB	Intrinsic	3181762	3181805	-	Genome	19.66	AAGAAACCGAAGTTGTAGCAGGCTTCGGTTTTTATTTTTCCCTG	ribB	3181835	3182488	30	ygiD	3179641	3180429	2121						-16.00	.(((((((((((((......)))))))))))))...........
1	76,67	7	13	-	3437601	3437630	rplQ	Intrinsic	3437588	3437623	-	Genome	18.06	AAAAAACCCGCCCCGGCGGGTTTTTTTATACCCGTA	rplQ	3437638	3438021	15	yhdN	3437163	3437531	425						-14.10	(((((((((((....)))))))))))..........
1	76,67	7	30	+	3502811	3502840	frlR	Intrinsic	3502818	3502870	+	Gene	15.96	TAAGATGCGCCAGCATCGCATCCGGCGATGCTGGCGCGTTGAATTTTACATCC	frlR	3502074	3502805	13	mrcA	3520893	3523445	18023						-31.30	...((((((((((((((((.....)))))))))))))))).............
1	76,67	7	19	+	3532499	3532528	pck	Intrinsic	3532506	3532547	+	Genome	17.86	CAAAACGGGAGGCACCTTCGCCTCCCGTTTATTTACCCTTCT	pck	3530840	3532462	44	greB	3534834	3535310	2287	67	Most Distant	Convergence	Start=3532496;End=3532537;Strand=-;% Overlapping=76.1905;Bit Score=20.64	59.5238	-20.80	..(((((((((((......)))))))))))............
1	76,67	7	15	-	3562121	3562150	glgP	Intrinsic	3562106	3562143	-	Genome	16.96	TAGAACGGGGCCAAAGGGTCCCGTTTTTTTCCGCCATC	glgP	3562157	3564604	14	yzgL	3561810	3562028	296						-17.10	.(((((((((((....)))))))))))...........
1	76,67	7	19	-	3913536	3913565	atpC	Intrinsic	3913517	3913558	-	Genome	28.08	CAAAAGCCAGTCTGGAAACAGGCTGGCTTTTTTTTGCGCGTG	atpC	3913576	3913995	18	glmU	3911853	3913223	1664						-20.90	.(((((((((((((....)))))))))))))...........
1	76,67	7	13	-	4116843	4116872	rraA	Intrinsic	4116830	4116865	-	Genome	21.57	AGAAAGGCACCGCAAGGTGCCTTTTTTCTGCGTTAC	rraA	4116868	4117353	3	glpF	4115268	4116113	1562	76	Least Distant	Convergence	Start=4116840;End=4116875;Strand=+;% Overlapping=72.2222;Bit Score=18.23	66.6667	-16.40	.((((((((((....))))))))))...........
1	76,67	7	15	+	4251912	4251941	ubiA	Intrinsic	4251919	4251956	+	Genome	26.08	AAAAAGCCGGATGATCATCCGGCTTTCTTCTGGGTTGC	ubiA	4251039	4251911	8	dgkA	4254660	4255028	2704						-14.70	..((((((((((....))))))))))............
1	76,67	7	14	+	4272745	4272774	ssb	Intrinsic	4272752	4272788	+	Gene	14.26	AAGAAGCCTCCGTTATGGAGGCTTCTACGTATCAGGT	ssb	4272148	4272684	68	yjcC	4273494	4275080	706	78	Most Distant	Convergence	Start=4272739;End=4272781;Strand=-;% Overlapping=81.0811;Bit Score=19.47	67.5676	-18.30	.((((((((((.....))))))))))...........
1	76,67	-19	-7	+	4374745	4374774	ecnB	Intrinsic	4374726	4374767	+	Genome	18.99	ATAACGGTACGACAGCTGTGTCGTGCCGTTTGTTTTTTCTGC	ecnB	4374576	4374722	4	sugE	4374898	4375215	131						-19.10	..((((((((((((....))))))))))))............
1	73,33	8	16	-	83581	83610	leuL	Intrinsic	83565	83602	-	Genome	36.55	AAAAACCCGCGCCATTGCGCGGGTTTTTTTATGCCCGA	leuL	83622	83708	20	leuA	81958	83529	1607						-18.80	((((((((((((....))))))))))))..........
1	73,33	8	14	+	463046	463075	ppiD	Intrinsic	463054	463089	+	Genome	15.28	GAAAAGGTCGCTTTCGCGGCCTTTTCCATTTCTGAA	ppiD	461139	463010	44	ybaV	463161	463532	72						-16.90	(((((((((((....)))))))))))..........
1	73,33	8	15	-	656748	656777	crcB	Intrinsic	656733	656769	-	Genome	20.86	AAAAACCCGCTGATTAAGCGGGTTTTGAATTCTTGCT	crcB	656778	657161	9	dcuC	653806	655191	2927	7	Least Distant	Convergence	Start=656743;End=656779;Strand=+;% Overlapping=72.973;Bit Score=27.16	67.5676	-15.80	.((((((((((.....))))))))))...........
1	73,33	-17	-8	-	1100046	1100075	csgG	Intrinsic	1100029	1100067	-	Genome	15.16	AAAAAGCCGGAATTATCATCCGGCATTTTACTGTTTAAG	csgG	1100074	1100907	7	serX	1096788	1096875	3241	18	Least Distant	Convergence	Start=1100039;End=1100077;Strand=+;% Overlapping=74.359;Bit Score=19.58	64.1026	-10.80	((((.((((((.......)))))).))))..........
1	73,33	8	16	-	1304804	1304833	yciU	Intrinsic	1304788	1304825	-	Genome	23.68	AAAAGGGCTGACAACTGTCAGCCCTTATTGTTTTTAAA	yciU	1304845	1305174	20	adhE	1294669	1297344	10119	22	Most Distant	Convergence	Start=1304798;End=1304835;Strand=+;% Overlapping=73.6842;Bit Score=20.13	76.3158	-18.20	..((((((((((....))))))))))............
1	73,33	8	16	+	1304790	1304819	oppF	Intrinsic	1304798	1304835	+	Genome	20.13	ATAAGGGCTGACAGTTGTCAGCCCTTTTTCACGCTAAA	oppF	1303788	1304792	6	yciY	1306812	1306985	1977	22	Least Distant	Convergence	Start=1304788;End=1304825;Strand=-;% Overlapping=73.6842;Bit Score=23.68	76.3158	-17.70	..((((((((((....))))))))))............
1	73,33	8	16	+	1331688	1331717	topA	Intrinsic	1331696	1331733	+	Genome	25.93	ACAAAGGGTCGCGAAAGCGGCCCTTTTTTATTGCATAT	topA	1329072	1331669	27	cysB	1331879	1332853	146						-17.10	..((((((((((....))))))))))............
1	73,33	8	15	+	1447053	1447082	feaB	Intrinsic	1447061	1447097	+	Genome	23.26	AAAAAACGGCACCTGGTGCCGTTTTTTTGTCTGAAAC	feaB	1445543	1447042	19	paaA	1451951	1452880	4854	27	Most Distant	Convergence	Start=1447051;End=1447087;Strand=-;% Overlapping=72.973;Bit Score=21.07	78.3784	-14.30	((((((((((((...))))))))))))..........
1	73,33	8	21	+	1463108	1463137	paaY	Intrinsic	1463116	1463158	+	Genome	20.48	ATAAAGCAGAGTTATGTTTAAGCTCTGCTTTATTTATTTGAGT	paaY	1462495	1463085	31	ydbA	1463416	1465928	258	28	Least Distant	Convergence	Start=1463106;End=1463148;Strand=-;% Overlapping=76.7442;Bit Score=14.12	60.4651	-15.60	(((((((((((((.......)))))))))))))..........
1	73,33	8	26	+	1808063	1808092	yniC	Intrinsic	1808071	1808118	+	Gene	21.96	AATGACCAGGGGCAGTGATCTCGCTGCCCCTGGTTCTTTATCTGAAAT	yniC	1807404	1808072	-1	ydjM	1808235	1808825	117						-28.30	...((((((((((((((....)))))))))))))).............
1	73,33	8	18	-	1909682	1909711	htpX	Intrinsic	1909664	1909703	-	Genome	32.56	AAAAAGCGCGTCCTGATCGACGCGCTTTTTTTATGCCCTG	htpX	1909719	1910600	16	kdgR	1907332	1908123	2332	36	Most Distant	Convergence	Start=1909674;End=1909713;Strand=+;% Overlapping=75;Bit Score=25.53	60	-17.20	((((((((((((......))))))))))))..........
1	73,33	8	14	-	1985874	1985903	azuC	Intrinsic	1985860	1985895	-	Genome	20.14	AAAAAACCTGCTCCGGCAGGTTTTTTTGTGTCCTGA	azuC	1985897	1985983	2	yecJ	1985531	1985782	329						-14.50	(((((((((((....)))))))))))..........
1	73,33	8	17	+	2284313	2284342	proL	Intrinsic	2284321	2284359	+	Genome	27.80	AAAAAACCAACCCTTACGGTTGGTTTTTTTATATCTGCA	proL	2284233	2284309	12	narP	2288522	2289169	4163						-13.50	((((((((((((.....))))))))))))..........
1	73,33	8	35	-	2698599	2698628	acpS	Intrinsic	2698564	2698620	-	Gene	21.36	AAAAAGTAAAACCCCCGAACTGGTAAGGAACGGGGGTTTTACTTTTTAACTTTAATT	acpS	2698640	2699020	20	shoB	2698139	2698219	425						-26.50	(((((((((((((((((..((....))...)))))))))))))))))..........
1	73,33	8	18	+	2812174	2812203	emrB	Intrinsic	2812182	2812221	+	Genome	24.18	ACTAAGCCAGTTCATTTGAACTGGCTTTTTTCAATTAATT	emrB	2810638	2812176	6	micA	2812824	2812901	603	56	Least Distant	Convergence	Start=2812173;End=2812210;Strand=-;% Overlapping=72.5;Bit Score=18.63	71.0526	-15.30	...((((((((((....)))))))))).............
1	73,33	8	21	-	2978761	2978790	araE	Intrinsic	2978740	2978782	-	Genome	22.52	CACGGGCCGGATGTGCTGTACATCCGGCCCTTTTTTCGTTAAT	araE	2978786	2980204	4	ygeA	2977965	2978657	775						-23.30	...((((((((((((...)))))))))))).............
1	73,33	8	23	+	3218892	3218921	patA	Intrinsic	3218900	3218944	+	Gene	17.58	AAATCGGATGGCGATACGACGTCGCCATCCGATCTTTTTATACGA	patA	3217516	3218895	5	ebgR	3219488	3220471	544						-22.50	..(((((((((((((.....)))))))))))))............
1	73,33	8	16	+	3274889	3274918	garD	Intrinsic	3274897	3274934	+	Genome	15.32	CAAAACATGGCCTTAGTGCCATGTTTTTATTGTTTAAA	garD	3273304	3274875	22	prlF	3275024	3275359	90						-12.40	.((((((((((......))))))))))...........
1	73,33	8	16	-	3381313	3381342	mdh	Intrinsic	3381297	3381334	-	Genome	27.44	AAAAACCGGAGCACAGACTCCGGTTTTTTGTTTTGAGC	mdh	3381352	3382290	18	yhcM	3376892	3378019	4405	65	Least Distant	Convergence	Start=3381307;End=3381344;Strand=+;% Overlapping=73.6842;Bit Score=27.33	73.6842	-14.60	(((((((((((......)))))))))))..........
2	73,33	8	16	+	3381299	3381328	degS	Intrinsic	3381307	3381344	+	Genome	27.33	AAAAACCGGAGTCTGTGCTCCGGTTTTTTATTATCCGC	degS	3380222	3381289	18	argR	3382725	3383195	1381	65	Least Distant	Convergence	Start=3381297;End=3381334;Strand=-;% Overlapping=73.6842;Bit Score=27.44	73.6842	-15.80	((((((((((((....))))))))))))..........
1	73,33	8	16	+	3421231	3421260	yhdZ	Factor Dependent	3421239	3421276	+	Genome	23.96	AAAAGGCCATCCTTTCGGATGGCCTTTCGCTTGATTTG	yhdZ	3420458	3421216	23	yrdA	3427258	3427812	5982						-18.80	.(((((((((((....)))))))))))...........
1	73,33	8	20	-	3532516	3532545	envZ	Intrinsic	3532496	3532537	-	Genome	20.64	ATAAACGGGAGGCGAAGGTGCCTCCCGTTTTGCTTTCTATAA	envZ	3532538	3533890	1	yhgE	3528737	3530461	3759	67	Least Distant	Convergence	Start=3532506;End=3532547;Strand=+;% Overlapping=76.1905;Bit Score=17.86	59.5238	-20.30	..(((((((((((......)))))))))))............
1	73,33	8	16	+	3638582	3638611	uspA	Intrinsic	3638590	3638627	+	Genome	18.98	CTGAACGCCCGCATATGCGGGCGTTTTGCTTTTTGGCG	uspA	3638134	3638568	22	dtpB	3638885	3640354	258						-20.80	..((((((((((....)))))))))).(((....))).
1	73,33	8	16	+	3640361	3640390	dtpB	Intrinsic	3640369	3640406	+	Genome	21.00	AGCAGGGTAGCGTTATCGCTACCCTGTTTTAGTTTTAC	dtpB	3638885	3640354	15	rlmJ	3643408	3644250	3002	68	Most Distant	Convergence	Start=3640356;End=3640399;Strand=-;% Overlapping=81.5789;Bit Score=21.37	68.4211	-20.90	.(((((((((((....)))))))))))...........
1	73,33	8	18	-	3790783	3790812	yibB	Intrinsic	3790765	3790804	-	Genome	17.02	GGAAAAATGATGCTTTGGCATCATTTTTTCTTTTTATATC	yibB	3790849	3791706	45	kbl	3789378	3790574	1387						-16.10	(((((((((((((....)))))))))))))..........
2	73,33	8	23	-	3893258	3893287	purP	Intrinsic	3893235	3893279	-	Genome	35.90	AAAAACCCGCCATGCATGATTGCTGGCGGGTTTTTTATTTAGATC	purP	3893295	3894632	16	dnaA	3880349	3881752	12886	71	Most Distant	Convergence	Start=3893245;End=3893289;Strand=+;% Overlapping=77.7778;Bit Score=24.76	64.4444	-22.60	((((((((((((.(((....)))))))))))))))..........
1	73,33	8	16	+	4058264	4058293	typA	Intrinsic	4058272	4058309	+	Genome	33.15	AAAAACCTGCCAGCGATGGCAGGTTTTTTTTTGCCTGT	typA	4056430	4058253	19	yihL	4058470	4059180	161						-17.30	((((((((((((....))))))))))))..........
1	73,33	8	27	+	4084869	4084898	fdhD	Intrinsic	4084877	4084925	+	Gene	14.34	AATAAGTCCTGCGAAATATATTAAATTGCAGGACTTATTCATTTCGTGA	fdhD	4084039	4084872	5	yiiG	4085025	4086080	100						-17.80	((((((((((((((...........))))))))))))))..........
1	73,33	8	18	+	4277860	4277889	yjcD	Intrinsic	4277868	4277907	+	Genome	19.27	GAAAACGGGTGGCAATGGCTGCCCGTTTTTATTTTCTCCG	yjcD	4276502	4277851	17	yjcE	4278003	4279652	96						-18.90	(((((((((((((....)))))))))))))..........
1	73,33	8	15	+	4424594	4424623	rplI	Intrinsic	4424602	4424638	+	Genome	27.54	AAAACGCCGACCATTGGTCGGCGTTTTGCTTTCTATT	rplI	4424131	4424580	22	ytfA	4425717	4426118	1079	79	Least Distant	Convergence	Start=4424592;End=4424628;Strand=-;% Overlapping=72.973;Bit Score=27.24	81.0811	-19.10	((((((((((((...))))))))))))..........
1	70	-20	-9	+	77580	77609	sgrT	Intrinsic	77560	77600	+	Gene	17.13	ACCCGCCAGCAGATTATACCTGCTGGTTTTTTTTATTCTCG	sgrT	77388	77519	41	setA	77621	78799	21						-13.20	....((((((((.......))))))))..............
1	70	9	17	-	220060	220089	metQ	Intrinsic	220043	220080	-	Gene	14.51	TTCAGGACGGGCGCTTGCCCGTCTTGTCATTTTTACAA	metQ	220113	220928	33	rcsF	219591	219995	452						-18.40	..((((((((((....))))))))))............
1	70	9	17	+	658406	658435	tatE	Intrinsic	658415	658452	+	Genome	32.10	AAAAACCCGCTTCAAAAAGCGGGTTTTTTATCAGACAG	tatE	658170	658373	42	ybeL	674241	674723	15789	8	Most Distant	Convergence	Start=658405;End=658442;Strand=-;% Overlapping=73.6842;Bit Score=32.73	71.0526	-15.40	((((((((((((....))))))))))))..........
1	70	9	17	+	714427	714456	pgm	Intrinsic	714436	714473	+	Genome	26.46	AAAAGGGCGGTCGCAAGATCGCCCTTTTTTACGTATGA	pgm	712781	714421	15	ybfP	714635	715129	162						-18.80	((((((((((((....))))))))))))..........
1	70	9	15	+	1309833	1309862	tonB	Intrinsic	1309842	1309877	+	Genome	16.75	CAAAAGCCTCCGACCGGAGGCTTTTGACTATTACTC	tonB	1309113	1309832	10	ompW	1312044	1312682	2167	23	Most Distant	Convergence	Start=1309832;End=1309867;Strand=-;% Overlapping=72.2222;Bit Score=17.72	77.7778	-18.40	(((((((((((....)))))))))))..........
1	70	9	36	-	1776393	1776422	ydiP	Intrinsic	1776357	1776413	-	Gene	15.64	ATCTGGCGGCGCAGTTTGTTAAGAAGCTGCGCCGCCTGCAGATTATTTGTTCTGATA	ydiP	1776414	1777325	1	ydiJ	1763653	1766709	12704						-30.70	....(((((((((((((......)))))))))))))..((((........))))...
1	70	9	16	-	1863699	1863728	mipA	Intrinsic	1863683	1863719	-	Genome	17.51	AAAAACAGGGCGTCACGCCCTGTTTTGCATTACGGTG	mipA	1863750	1864496	31	yeaE	1862806	1863660	877						-16.70	.(((((((((((...)))))))))))...........
2	70	9	15	-	1876997	1877026	yeaQ	Intrinsic	1876982	1877017	-	Genome	14.75	CAAAGGCTGCACACAGGCAGCCTTTGCTATTTTTTA	yeaQ	1877031	1877279	14	yoaF	1875302	1875556	1680	34	Least Distant	Convergence	Start=1876992;End=1877027;Strand=+;% Overlapping=72.2222;Bit Score=14.18	66.6667	-16.70	((((((((((......))))))))))..........
1	70	9	25	-	1985509	1985538	yecJ	Intrinsic	1985484	1985529	-	Gene	19.51	AAAACCGCTGCTTCAAACAGATGAGGCAGCGGTTTCTCAAAACCTT	yecJ	1985531	1985782	2	araF	1983163	1984152	2321	38	Least Distant	Convergence	Start=1985493;End=1985540;Strand=+;% Overlapping=80.4348;Bit Score=22.87	63.0435	-23.00	.((((((((((((((......))))))))))))))...........
1	70	9	22	-	2026179	2026208	yodC	Intrinsic	2026157	2026199	-	Gene	14.24	AACATCAGGCCGGATCACATCCGGCCTGGTGTGCTAATGCCTG	yodC	2026212	2026394	13	yedQ	2024347	2026041	1810						-26.00	.((((((((((((((...))))))))))))))((....))...
1	70	9	15	-	2309632	2309661	ompC	Intrinsic	2309617	2309652	-	Genome	14.43	AACAAAGGGCCTGCGGGCCCTTTTTTCATTGTTTTC	ompC	2309668	2310771	16	apbE	2308501	2309556	1116						-14.50	...((((((((....)))))))).............
1	70	9	15	+	2531417	2531446	cysK	Intrinsic	2531426	2531461	+	Genome	25.65	AAAAAGCACCTTTTTAGGTGCTTTTTTGTGGCCTGC	cysK	2530431	2531402	24	ptsH	2531786	2532043	325						-13.70	(((((((((((....)))))))))))..........
1	70	9	17	-	2635454	2635483	bamB	Intrinsic	2635437	2635474	-	Genome	20.61	AAAACGGCTCCTGGACAGGGGCCGTTTTCCTGTTTTTA	bamB	2635496	2636674	22	der	2633906	2635378	1531						-17.30	((((((((((((....))))))))))))..........
1	70	9	17	-	2864503	2864532	rpoS	Intrinsic	2864486	2864523	-	Genome	20.74	AAAAGGTCCGATGCCCATCGGACCTTTTTATTAAGGTC	rpoS	2864581	2865573	58	ygbI	2858489	2859256	5997	57	Most Distant	Convergence	Start=2864495;End=2864534;Strand=+;% Overlapping=76.3158;Bit Score=18.60	71.0526	-16.20	((((((((((((....))))))))))))..........
1	70	9	23	-	2885563	2885592	cysH	Intrinsic	2885540	2885583	-	Genome	24.17	TAAACGCCTCTGTCAGAAATGATGGGGGCGTTTTTATTTTGCGA	cysH	2885600	2886334	17	ygcB	2882575	2885241	2965						-20.00	.((((((((((((((....))))))))))))))...........
1	70	9	16	-	3374278	3374307	sspB	Intrinsic	3374262	3374298	-	Genome	17.21	CAAAACAGGCCCAGGCGGCCTGTTTTGTCTTTTTAAT	sspB	3374301	3374798	3	nanR	3371720	3372511	2542	64	Least Distant	Convergence	Start=3374272;End=3374308;Strand=+;% Overlapping=72.973;Bit Score=15.36	70.2703	-17.20	(((((((((((.....)))))))))))..........
1	70	9	17	+	3851676	3851705	tisB	Intrinsic	3851685	3851722	+	Genome	23.25	AAAGGGGAGCGGGAAACCGCTCCCCTTTTATATTTAGC	tisB	3851576	3851665	20	emrD	3851945	3853129	223						-23.90	((((((((((((....))))))))))))..........
1	70	9	16	+	3889505	3889534	tnaB	Intrinsic	3889514	3889550	+	Gene	15.02	AAGAAGCCAGCCATTCGCTGGCTTCTTGCCTCTCAGG	tnaB	3888259	3889506	8	mdtL	3889638	3890813	88						-18.30	(((((((((((.....)))))))))))..........
1	70	9	16	+	4225556	4225585	metH	Intrinsic	4225565	4225601	+	Genome	15.53	AACAGGGCGCTCAATGAGTGCCCTGTCTCTTTATTAA	metH	4221851	4225534	31	yjbB	4225754	4227385	153						-19.60	.(((((((((((...)))))))))))...........
1	70	9	17	+	4408036	4408065	rlmB	Intrinsic	4408045	4408082	+	Genome	28.37	AAAAGCCATCCAGATTTGGATGGTTTTTTTTTGTCTAT	rlmB	4407298	4408029	16	yjfI	4408156	4408557	74						-14.60	((((((((((((....))))))))))))..........
1	66,67	10	18	+	850195	850224	ompX	Intrinsic	850205	850242	+	Genome	26.12	AAAAATCCGCCTCTCGGGGCGGATTTTTGTTTTTAAGG	ompX	849673	850188	17	mntR	852406	852873	2164	10	Most Distant	Convergence	Start=850195;End=850232;Strand=-;% Overlapping=73.6842;Bit Score=23.65	71.0526	-16.40	((((((((((((....))))))))))))..........
1	66,67	10	29	-	1762718	1762747	rydB	Intrinsic	1762689	1762737	-	Gene	19.88	GAAACCCTTAAGCCTGTGTCGCACAGACTTAAGGGTTTTCTTATTTCTG	rydB	1762737	1762804	0	sufA	1762042	1762410	647						-21.40	((((((((((((.(((((...))))).))))))))))))..........
1	66,67	10	27	-	2055973	2056002	asnW	Intrinsic	2055946	2055992	-	Gene	19.45	TTTACCCGGTTACCTTGTAAAAAAGTGACCGGGTTTTTTGATTTCTG	asnW	2056051	2056126	59	yeeL	2050300	2051352	5646						-16.70	...((((((((((.((.....)).)))))))))).............
1	66,67	10	20	+	2588728	2588757	acrD	Intrinsic	2588738	2588777	+	Genome	22.72	AAAAGGCGACATGCCAATGTGTCGCCTTTTTCAACTTTCC	acrD	2585617	2588730	8	yffB	2589269	2589625	492	52	Least Distant	Convergence	Start=2588727;End=2588768;Strand=-;% Overlapping=77.5;Bit Score=28.15	62.5	-16.50	((((((((((((......))))))))))))..........
1	66,67	10	18	+	2651368	2651397	sseA	Factor Dependent	2651378	2651415	+	Genome	26.20	AAAAAACCGCCGAATTTGGCGGTTTTTTATTGCTAGTC	sseA	2650516	2651361	17	ryfA	2651877	2652180	462						-15.60	((((((((((((....))))))))))))..........
1	66,67	10	23	-	3848787	3848816	ilvN	Intrinsic	3848764	3848806	-	Genome	14.90	ACATCGCGCTTATCGTTAAGGTAAGCGCGTATTTTTTTTACCC	ilvN	3848825	3849115	19	uhpA	3848159	3848749	605						-16.10	....((((((((((.....))))))))))..............
1	66,67	10	23	+	4275939	4275968	soxR	Intrinsic	4275949	4275991	+	Gene	17.79	AAAACTAAAGCGCCACAAGGGCGCTTTAGTTTGTTTTCCGGTC	soxR	4275492	4275956	-7	yjcD	4276502	4277851	511						-20.10	.(((((((((((((.....)))))))))))))...........
1	66,67	10	24	-	4468975	4469004	pyrI	Intrinsic	4468951	4468994	-	Genome	19.27	AAAAGTCTGGCTCCCTATAATGAGCCAGACTTTTTACCGCTGTA	pyrI	4469009	4469470	15	ridA	4468550	4468936	401						-19.70	(((((((((((((........)))))))))))))..........
1	63,33	11	20	+	87859	87888	ilvH	Intrinsic	87870	87908	+	Genome	15.16	TACAGCCCAACATGTCACGTTGGGCTTTTTTTGCGAAAT	ilvH	87357	87848	22	cra	88028	89032	120						-12.90	...((((((((.......)))))))).............
1	63,33	11	19	+	191705	191734	tsf	Intrinsic	191716	191753	+	Genome	18.17	AAAGGAGCCGCCTGAGGGCGGCTTCTTTTTGTGCCCAT	tsf	190857	191708	8	pyrH	191855	192580	102						-19.60	((((((((((((....))))))))))))..........
1	63,33	11	15	-	446005	446034	cyoE	Intrinsic	445990	446023	-	Gene	21.97	AAAAAGGTGCTACGGCACCTTTTTTCTTAGCATT	cyoE	446039	446929	16	yajR	444526	445890	1464						-13.50	((((((((((....))))))))))..........
1	63,33	11	22	-	1565490	1565519	yddW	Intrinsic	1565468	1565508	-	Genome	16.09	AACAAGCCGGTGCTTTACCCACCGGCTTGTTACCCTCTTAA	yddW	1565528	1566847	20	dosC	1563782	1565164	1686						-19.80	((((((((((((.......))))))))))))..........
1	63,33	11	24	+	2042724	2042753	asnT	Intrinsic	2042735	2042777	+	Genome	18.31	AAGCGCCCTCGACCTTTATGGTTGAGGGCGTTTTGCTATGAAC	asnT	2042573	2042648	87	yeeJ	2042962	2050038	185						-25.10	((((((((((((((.....))))))))))))))..........
1	63,33	11	25	-	2083691	2083720	plaP	Intrinsic	2083666	2083709	-	Genome	18.43	AACCGGAGTCGAATGAACATTTGGCTCCGGTTTTTTTATTCTTT	plaP	2083728	2085086	19	yeeE	2082491	2083549	1175						-19.60	((((((((((((((....))))))))))))))............
1	63,33	11	23	-	2742161	2742190	rplS	Intrinsic	2742138	2742179	-	Genome	22.83	AAGAAGGGCTGGCCAATTGGCTGGCCCTTTTTTATCTGTTTG	rplS	2742205	2742552	26	aroF	2738102	2739172	4036						-21.90	((((((((((((((....))))))))))))))..........
2	63,33	11	23	-	3105016	3105045	speC	Intrinsic	3104993	3105034	-	Genome	28.09	AAAAACGGGTCACCTTCTGGCGACCCGTTTTTCTTTGCGTAA	speC	3105042	3107177	8	trmI	3100155	3100874	4838	59	Least Distant	Convergence	Start=3105002;End=3105045;Strand=+;% Overlapping=78.5714;Bit Score=31.58	71.4286	-19.20	(((((((((((.((....)).)))))))))))..........
1	60	12	20	+	944112	944141	dmsC	Intrinsic	944124	944161	+	Gene	15.03	AACAACCGGGGTTTCGGCCCCGGTTCTCTTTTATTTCT	dmsC	943256	944119	5	ycaD	945094	946242	933						-15.90	...(((((((((....))))))))).............
1	60	12	20	-	950439	950468	pflB	Intrinsic	950419	950456	-	Genome	23.25	TAAAGGCTCCACGAAAGTGGGGCCTTTTTTAGCGCGAG	pflB	950495	952777	39	pflA	949563	950303	856						-18.50	.(((((((((((....)))))))))))...........
1	60	12	18	-	1309850	1309879	yciA	Intrinsic	1309832	1309867	-	Genome	17.72	CAAAAGCCTCCGGTCGGAGGCTTTTGACTTTCTGCT	yciA	1309872	1310270	5	yciI	1308593	1308889	1239	23	Least Distant	Convergence	Start=1309842;End=1309877;Strand=+;% Overlapping=72.2222;Bit Score=16.75	77.7778	-18.40	(((((((((((....)))))))))))..........
1	60	12	19	+	2055598	2055627	yeeN	Intrinsic	2055610	2055646	+	Genome	14.53	AGAAATCTGTCTTTACGGCAGATTTCTTTAATCTCAT	yeeN	2054882	2055598	12	asnU	2057875	2057950	2229						-13.30	(((((((((((.....)))))))))))..........
1	60	12	18	-	2280849	2280878	yejK	Intrinsic	2280831	2280866	-	Genome	21.80	AAAAACCCCGCCGGAGCGGGGTTTTTTACAACTTAT	yejK	2280962	2281969	96	rsuA	2277810	2278505	3021	44	Most Distant	Convergence	Start=2280840;End=2280877;Strand=+;% Overlapping=75;Bit Score=24.04	72.2222	-16.50	(((((((((((....)))))))))))..........
1	60	12	19	-	2519520	2519549	xapR	Intrinsic	2519501	2519537	-	Genome	22.27	AAAAAAGCGCCTTTAGGGCGCTTTTTTACATTGGTGG	xapR	2519615	2520499	78	gltX	2517279	2518694	2222						-15.50	((((((((((((...))))))))))))..........
1	60	12	20	-	2534390	2534419	pdxK	Intrinsic	2534370	2534407	-	Genome	19.31	AAAAATGGCGCCGATGGGCGCCATTTTTCACTGCGGCA	pdxK	2534408	2535259	1	zipA	2528269	2529255	6101	51	Least Distant	Convergence	Start=2534380;End=2534417;Strand=+;% Overlapping=73.6842;Bit Score=27.66	78.9474	-19.00	((((((((((((....))))))))))))..........
2	60	12	20	-	3189744	3189773	glgS	Intrinsic	3189724	3189761	-	Genome	16.27	ATATAACGGGCCTGATGGCCCGTTTTAGTGTTTGTATT	glgS	3189761	3189961	0	ribB	3181835	3182488	7889						-15.40	.((.((((((((....)))))))).))...........
1	60	12	34	-	3583064	3583093	ggt	Intrinsic	3583030	3583081	-	Gene	17.19	AAGAGGGCTATTTTGTCAGGGCAAGCCGAAGGTAGCCTTTTTTATTTCGTAA	ggt	3583104	3584846	23	ryhB	3578950	3579039	4080						-14.70	(((((((((((((..((.((.....)))))))))))))))))..........
1	60	12	18	+	4116828	4116857	zapB	Intrinsic	4116840	4116875	+	Genome	18.23	AAAAAGGCACCTTGCGGTGCCTTTCTTATCATTCAA	zapB	4116538	4116783	57	rpmE	4125036	4125248	8161	76	Most Distant	Convergence	Start=4116830;End=4116865;Strand=-;% Overlapping=72.2222;Bit Score=21.57	66.6667	-14.20	..(((((((((....)))))))))............
1	60	12	22	-	4360549	4360578	pheU	Factor Dependent	4360527	4360566	-	Genome	23.72	ATAAACGGACCTCCACGGAGGTCCGTTTTTCGTTTCAGGA	pheU	4360574	4360649	8	yjdQ	4360214	4360376	313						-18.40	..(((((((((((....)))))))))))............
1	60	12	18	-	4422485	4422514	yjfY	Intrinsic	4422467	4422502	-	Gene	14.63	CTTTGCCCCCTTCGCAGGGGGCTTTTTTTTGAAAAA	yjfY	4422539	4422814	37	ulaG	4416584	4417648	5883						-14.40	....(((((((....)))))))..............
1	56,67	13	21	-	658426	658455	lipA	Intrinsic	658405	658442	-	Genome	32.73	AAAAACCCGCTTTTTGAAGCGGGTTTTTTGTATCGAAC	lipA	658474	659439	32	crcB	656778	657161	1627	8	Least Distant	Convergence	Start=658415;End=658452;Strand=+;% Overlapping=73.6842;Bit Score=32.10	71.0526	-15.40	((((((((((((....))))))))))))..........
1	56,67	13	20	+	853990	854019	ybiR	Intrinsic	854003	854039	+	Genome	21.19	AAAAGGCGGATTATGAGTCCGCCTTTTGCTTTAAGTT	ybiR	852870	853988	15	ybiT	855186	856778	1147	11	Least Distant	Convergence	Start=853993;End=854029;Strand=-;% Overlapping=72.973;Bit Score=25.51	64.8649	-15.90	((((((((((((...))))))))))))..........
1	56,67	13	19	-	1196023	1196052	ymfD	Intrinsic	1196004	1196039	-	Gene	16.89	GAAGGGGCCGCGCTCGCGGCCTTTTTTACATTCCGC	ymfD	1196090	1196755	51	rluE	1193521	1194174	2483						-16.70	(((((((((((....)))))))))))..........
1	56,67	13	25	-	2347935	2347964	glpQ	Intrinsic	2347910	2347951	-	Gene	14.05	CTGCAGGATGGCGTTCATGCGCCATCCTGTCTCATATCAAAT	glpQ	2347957	2349033	6	inaA	2346844	2347494	1066						-22.50	..((((((((((((....))))))))))))............
2	56,67	13	27	-	2736949	2736978	tyrA	Intrinsic	2736922	2736965	-	Gene	15.94	CCAGTGCCGGATGATTCACATCATCCGGCACCTTTTCATCAGGT	tyrA	2736970	2738091	5	rluD	2733053	2734033	3869						-21.30	...((((((((((((....)))))))))))).............
1	56,67	13	21	-	2820698	2820727	recA	Intrinsic	2820677	2820714	-	Genome	17.34	CACAAGGGTCGCATCTGCGGCCCTTTTGCTTTTTTAAG	recA	2820730	2821791	16	recX	2820161	2820661	516						-15.90	((.(((((((((....))))))))).))..........
1	56,67	13	17	-	2945761	2945790	amiC	Intrinsic	2945744	2945777	-	Gene	15.54	AAAAAGGCGCTGAATGGCGCTTTTTTATGGGAGA	amiC	2945779	2947032	2	mltA	2944103	2945200	1641						-12.50	(((((((((((....)))))))))))........
1	56,67	13	22	+	3537811	3537840	yhgF	Intrinsic	3537824	3537862	+	Genome	23.05	AAAGTGCCGGAGAATATCTCCGGCATTTTTATTCCACAG	yhgF	3535407	3537728	96	feoA	3538185	3538412	323						-18.90	(((((((((((((...)))))))))))))..........
1	56,67	13	19	-	3809237	3809266	rpmG	Intrinsic	3809218	3809253	-	Genome	20.61	AAAAACCTCGCTCCGGCGGGGTTTTTTGTTATCTGC	rpmG	3809273	3809440	20	mutM	3808366	3809175	852						-15.40	(((((((((((....)))))))))))..........
1	56,67	13	21	-	4038849	4038878	mobB	Intrinsic	4038828	4038865	-	Genome	21.60	AAAAGGCCATCCGTCAGGATGGCCTTCTGCTTAATTTG	mobB	4038929	4039456	64	fadB	4026805	4028994	12023						-18.80	..((((((((((....))))))))))............
1	56,67	13	23	+	4248512	4248541	malM	Intrinsic	4248525	4248564	+	Gene	14.17	CAACTGGTGCGTCTCCTGGCGCACCTTTTTTTATGCTTCC	malM	4247577	4248497	28	yjbI	4248726	4250306	162						-15.10	.....((((((((....))))))))...............
1	56,67	13	23	-	4364876	4364905	aspA	Intrinsic	4364853	4364892	-	Genome	31.18	AAAAAGGCACGTCAGATGACGTGCCTTTTTTCTTGTGAGC	aspA	4364914	4366350	22	dcuA	4363495	4364796	1358						-19.20	(((((((((((((....)))))))))))))..........
1	53,33	14	22	+	34074	34103	carB	Intrinsic	34088	34125	+	Genome	19.90	AATACGGTTCTCTGATGAGGACCGTTTTTTTTTGCCCA	carB	30817	34038	50	caiF	34300	34695	175						-13.90	...(((((((((....))))))))).............
1	53,33	14	20	-	188695	188724	map	Intrinsic	188675	188710	-	Genome	23.54	ATGAAGCCGGCGAATGCCGGCTTTTTTAATGCGATA	map	188712	189506	2	glnD	185978	188650	2697						-16.00	..(((((((((....)))))))))............
1	53,33	14	22	-	925082	925111	serW	Intrinsic	925060	925097	-	Genome	22.57	AAGAGCTCGTACGAAAGTGCGAGCTTTTTTTTCGCATT	serW	925107	925194	10	cspD	921589	921813	3471						-17.20	((((((((((((....))))))))))))..........
1	53,33	14	24	+	1291598	1291627	galU	Intrinsic	1291612	1291651	+	Genome	25.62	AAACGGCGTTGAGCAATCGACGCCGTTTTTTTATAGCTTA	galU	1290680	1291588	24	tdk	1292750	1293367	1099	21	Least Distant	Convergence	Start=1291600;End=1291641;Strand=-;% Overlapping=75;Bit Score=15.49	57.5	-18.00	((((((((((((....))))))))))))............
2	53,33	14	23	-	1905191	1905220	cspC	Intrinsic	1905168	1905206	-	Genome	22.22	ATAAAGCCTCGTCGAATGCGAGGCTTTTTACTATGCTTT	cspC	1905250	1905459	44	rlmA	1904275	1905084	893						-14.30	..((((((((((.....))))))))))............
1	53,33	14	22	-	1997578	1997607	fliY	Intrinsic	1997556	1997593	-	Genome	23.07	AAAAGGGCGCTTTCACTAGCGCCTTTTTTATTTACGCG	fliY	1997609	1998409	16	dcyD	1996518	1997504	1038						-15.10	(((((((((((......)))))))))))..........
2	53,33	14	20	-	2776143	2776172	ypjA	Intrinsic	2776123	2776158	-	Genome	16.75	AAAAAGCCCACATCTGTGGGCTTTCATGTTACCAGG	ypjA	2776168	2780748	10	yfjV	2770189	2771204	5934						-14.30	..(((((((((....)))))))))............
1	53,33	14	21	-	3309405	3309434	rpsO	Intrinsic	3309384	3309420	-	Genome	17.14	AAAAGGGGGCCTGAGTGGCCCCTTTTTTCAAGCTGAC	rpsO	3309437	3309706	17	pnp	3307055	3309190	2329						-18.00	(((((((((((.....)))))))))))..........
1	53,33	14	28	-	3680158	3680187	dctA	Intrinsic	3680130	3680173	-	Gene	14.57	TATGCCCGCACTCCCTTCCCCGAGTGCGGGTGTTTGCGCATAAT	dctA	3680184	3681470	11	yhjJ	3678467	3679963	1663						-20.40	.((((((((((((........))))))))))))...........
1	50	15	21	-	59625	59654	rluA	Intrinsic	59604	59639	-	Genome	19.67	ATAAATCCCCGAGTCCGGGGATTTTTTGTTTCTGCC	rluA	59687	60346	48	lptD	54755	57109	4849						-13.50	..(((((((((....)))))))))............
1	50	15	22	+	129352	129381	lpd	Intrinsic	129367	129403	+	Genome	20.88	AAAAAGCGGCTAACCACGCCGCTTTTTTTACGTCTGC	lpd	127912	129336	31	acnB	131615	134212	2212	1	Most Distant	Convergence	Start=129357;End=129393;Strand=-;% Overlapping=72.973;Bit Score=21.52	64.8649	-13.20	((((((((((.......))))))))))..........
1	50	15	19	+	794138	794167	acrZ	Intrinsic	794153	794186	+	Gene	14.54	AATGCCCGCTTAGTCGGGCATTTTCTTTTTCTCA	acrZ	793996	794145	8	modA	794312	795085	126						-11.20	((((((((......))))))))............
1	50	15	25	-	2962351	2962380	thyA	Intrinsic	2962326	2962365	-	Genome	15.24	AGAGCCGACGCCAGTGTGCGTCGGTTTTTTTACCCTCCGT	thyA	2962383	2963177	18	ppdA	2961729	2962199	597						-16.10	.((((((((((......)))))))))).............
1	50	15	23	-	3031649	3031678	lysS	Factor Dependent	3031626	3031663	-	Genome	25.75	CACAACCCCGGCAAATGTCGGGGTTTTTTTATTTAAGC	lysS	3031679	3033196	16	ygfT	3027034	3028953	4592						-15.40	...(((((((((....))))))))).............
1	50	-43	-15	-	3920925	3920954	rsmG	Factor Dependent	3920940	3920997	-	Gene	18.38	TTAACGCCACGTTCACTCTTTTGCATCAACAAGATAACGTGGCTTTTTTTGGTAAGCA	rsmG	3921080	3921703	83	atpI	3920083	3920463	857						-14.30	.....((((((((...(((((((...))).)))).))))))))...............
1	46,67	16	26	-	542434	542463	ylbA	Intrinsic	542408	542447	-	Gene	18.68	ATTTTGCCACGGTTTATACCGTGGCTTTTTTTGTAACATT	ylbA	542485	543270	38	allS	530519	531445	11889						-15.40	.....((((((((....))))))))...............
1	46,67	16	24	-	3720324	3720353	glyS	Intrinsic	3720300	3720337	-	Genome	28.67	AAATAGCCTGCCATCTGGCAGGCTTTTTTTATCGCTAA	glyS	3720351	3722420	14	hokA	3718471	3718623	1829						-15.60	....((((((((....))))))))..............
1	46,67	16	19	+	4015217	4015246	udp	Intrinsic	4015233	4015265	+	Gene	15.47	AAGGCCGACGCGTTCGGCCTTTTGTATTTTTGC	udp	4014454	4015215	18	rmuC	4015356	4016783	91						-11.90	((((((((.....))))))))............
